nfl_id,s_at_2.5,s_at_5,s_at_10,s_at_20,top_speed,t_10_40_sensor,ten_sensor,n_runs,combine_weight,ten_yd_split,forty,three_cone,short_shuttle,display_name,nfl_position,grp,draft_year,draft_overall_pick,pick,acc_resid,plays,ig_p95,ig_max,rush_snaps,get_off_adj,pressure_rate,sack_rate,edge_share,routes,sep_break,sep_vert,pass_pro_snaps,pa_adj
55867,5.17036335952743,6.961526032931503,8.66861839025965,9.84790869232614,10.413870936930595,3.0234047214028976,1.576595278597102,1,253,1.61,4.6,,,Will Anderson,DE,DL,2023,3.0,3.0,-0.012310231498680047,1880.0,6.771499999999998,9.17,1608.0,-0.10917259038849146,0.1256218905472637,0.017412935323383085,0.9800995024875622,,,,,
55874,4.863927038029772,6.424891908545648,8.01072988739968,9.184658152981683,10.061445746510401,3.195410723565744,1.8145892764342557,1,333,1.81,5.01,,,Darnell Wright,T,OL,2023,10.0,10.0,-0.12345027299016564,3221.0,5.24,8.26,,,,,,,,,1815.0,-0.007081134257660787
55875,4.87128129493213,6.472104901835631,7.795075305591336,8.803519950418949,9.247991397666286,3.3086961735757567,1.8513038264242434,2,313,1.75,5.16,7.8,,Peter Skoronski,G,OL,2023,11.0,11.0,0.10360539896665344,3008.0,5.266500000000001,7.62,,,,,,,,,1738.0,0.010934624681031551
55877,4.973012865451741,6.70928381272695,8.553535625144768,10.067357810259594,10.630972255451539,2.9451894737410473,1.6348105262589527,2,272,1.64,4.58,7.02,4.32,Lukas Van Ness,DE,DL,2023,13.0,13.0,-0.2853148635503553,1055.0,7.135999999999999,8.72,751.0,-0.02381447461122764,0.07323568575233022,0.011318242343541944,0.9107856191744341,,,,,
55878,5.000712569797215,6.555941286195839,8.066610975285016,9.205012417680583,9.938975063151627,3.164883775105174,1.8051162248948258,2,311,1.74,4.97,,,Broderick Jones,T,OL,2023,14.0,14.0,-0.040358942984464186,2468.0,5.246500000000001,8.64,,,,,,,,,1285.0,0.009527099084199304
55887,5.1330012253656925,7.138024995026377,8.882362672557914,10.163518472314799,11.147299590481762,2.8928473761053715,1.5971526238946285,2,173,1.56,4.49,,,Jordan Addison,WR,WR,2023,23.0,23.0,0.027148641412924945,1543.0,9.2,10.66,,,,,,1283.0,0.05063621111058884,-0.2939661821405754,,
55888,5.64799135890499,7.534039060469766,9.130523089445816,10.510464666323731,11.16631983060795,2.8066787836706837,1.5433212163293157,2,197,1.49,4.35,,,Deonte Banks,CB,CB,2023,24.0,24.0,0.3398729604872708,2089.0,8.475999999999999,10.53,,,,,,,,,,
55891,4.922385859687109,6.472939599305585,8.017083186886492,9.47343944921434,10.230342516861528,3.1402228559225973,1.8397771440774031,2,315,1.77,4.98,,,Anton Harrison,T,OL,2023,27.0,27.0,-0.11137111796359456,3024.0,4.908499999999999,8.42,,,,,,,,,1778.0,-0.029625345972750735
55900,5.123119508125251,6.72311064045198,8.09278729151277,9.774524082682756,10.217007456221353,3.0902324889109583,1.6097675110890417,2,249,1.66,4.7,,,Michael Mayer,TE,TE,2023,35.0,35.0,-0.1028385936766174,704.0,7.9085,9.06,,,,,,590.0,-0.061704975691543096,-0.004991183062476705,,
55901,4.94074966660749,6.518662475650098,7.83686995113863,8.881220917796293,9.431890145380446,3.324936396722606,1.885063603277394,2,332,1.86,5.21,7.85,4.74,Steve Avila,G,OL,2023,36.0,36.0,0.21011053233673227,2577.0,5.283999999999996,7.96,,,,,,,,,1411.0,-0.002461530180617352
55904,5.580955952390211,7.408279114818168,9.050537783886313,10.435847269816332,11.297615855888747,2.848094574332623,1.6119054256673768,2,220,1.54,4.46,,,Jonathan Mingo,WR,WR,2023,39.0,39.0,0.2755901550652604,842.0,8.838999999999999,10.02,,,,,,707.0,-0.2698828535695546,-0.27065804500082147,,
55905,5.165445320104755,7.033158986168369,8.749318413204616,10.15769285361579,10.752153638757584,2.938948052087698,1.641051947912302,2,264,1.66,4.58,7.28,4.41,Isaiah Foskey,DE,DL,2023,40.0,40.0,0.03856030989106429,181.0,7.13,8.0,114.0,-0.07803520813083496,0.06140350877192982,0.0043859649122807015,0.9736842105263158,,,,,
55909,4.9402894628986935,6.848973605828619,8.692173495832677,10.223795792251948,10.829132192104762,2.922186616923695,1.607813383076305,2,198,1.57,4.53,6.63,4.05,Julius Brents,CB,CB,2023,44.0,44.0,-0.16333840247008524,675.0,8.02,11.33,,,,,,,,,,
55910,5.467536793213218,7.260877331645515,8.823838330009849,10.054580984756868,10.92440901625027,2.885893370123116,1.694106629876884,2,190,1.56,4.58,,,Brian Branch,SS,S,2023,45.0,45.0,0.18362168422763858,2393.0,8.3,10.14,,,,,,,,,,
55912,5.48709823025964,7.403103042424768,9.122625225424501,10.194233266409114,10.90949491798909,2.899336464287769,1.5606635357122307,2,194,1.47,4.46,,,Quan Martin,FS,S,2023,47.0,47.0,0.21730858678271936,2232.0,8.433499999999993,9.97,,,,,,,,,,
55913,5.001149954347847,6.542880968401793,7.930980649434741,9.078134154708529,9.6076674935106,3.2646802604060254,1.8153197395939746,2,302,1.79,5.08,7.33,4.55,Cody Mauch,G,OL,2023,48.0,48.0,0.07846537024383604,2370.0,5.091999999999989,8.32,,,,,,,,,1372.0,0.003024469382108142
55914,4.727317036908528,6.330837955209438,7.809218113979071,8.91510911301077,9.506958537100214,3.335553320771115,1.744446679228885,2,309,1.79,5.08,7.34,4.65,Keeanu Benton,DT,DL,2023,49.0,49.0,-0.14470042488978763,1870.0,5.77,8.08,1003.0,0.03980378732980179,0.06679960119641076,0.007477567298105683,0.0259222333000997,,,,,
55915,5.206547849325323,6.990568161516623,8.749267943343483,10.216075907701942,11.149990175406565,2.8880251062854247,1.5619748937145754,2,187,1.57,4.45,,4.29,Jayden Reed,WR,WR,2023,50.0,50.0,-0.14939166694943573,878.0,9.2815,10.46,,,,,,743.0,0.04346156615767196,0.23160057369084694,,
55916,5.178631406159339,7.116453110596947,9.10275256303828,10.629900314820304,11.236071484038263,2.8085989271445726,1.621401072855427,2,180,1.49,4.43,,,Cam Smith,CB,CB,2023,51.0,51.0,0.0031110513628025416,153.0,8.406,9.71,,,,,,,,,,
55918,4.980919307901562,6.589759202351631,8.203145904310658,9.585293392512032,9.924804108200028,3.121005764314031,1.7589942356859691,2,310,1.81,4.88,7.5,,Gervon Dexter,DT,DL,2023,53.0,53.0,-0.0934032962188267,1713.0,6.437999999999997,8.48,991.0,0.03348343190984328,0.09485368314833502,0.013118062563067608,0.04238143289606458,,,,,
55920,5.324160357914865,7.1993636462348185,8.947065304444173,10.39698584173741,10.92156323133723,2.8777893393034524,1.6322106606965474,2,204,1.49,4.51,,,Rashee Rice,WR,WR,2023,55.0,55.0,0.10302903004766861,739.0,8.582,10.04,,,,,,613.0,0.086513217229476,-0.018461488967686526,,
55922,4.63691624871033,6.052988097412166,7.501366966073436,8.572575672750752,9.05925908010714,3.4501079028763653,1.8998920971236344,2,301,1.85,5.35,,4.56,John Michael Schmitz,C,OL,2023,57.0,57.0,-0.08771067914548603,2525.0,5.44,7.46,,,,,,,,,1480.0,0.01168771297328824
55924,4.648777299151251,6.156781596730049,7.554341978567741,8.763007657267892,9.055229300772195,3.436705154355111,1.8732948456448888,1,330,1.84,5.31,,4.81,O'Cyrus Torrence,G,OL,2023,59.0,59.0,-0.03187522747209304,3299.0,4.7,8.35,,,,,,,,,1774.0,-0.0063888855746046655
55927,4.874464091770845,6.3557862106800975,7.710330385628566,8.675344508858522,9.141954259134904,3.4281784274651446,1.7918215725348552,2,301,1.79,5.22,7.75,4.82,Juice Scruggs,G,OL,2023,62.0,62.0,0.05922377927785405,1660.0,5.2204999999999995,7.81,,,,,,,,,975.0,-0.007361047834051078
55928,5.294588843425853,7.194016058570992,8.890927735962157,10.417850181144829,11.144369103231448,2.853656705041547,1.526343294958453,1,183,1.55,4.38,6.9,,Marvin Mims,WR,WR,2023,63.0,63.0,0.003160149112873434,709.0,9.616,10.81,,,,,,564.0,0.38068442154193094,0.14578660259192322,,
55929,5.157413246319399,6.817755857579272,8.367958563162471,9.438296157679336,9.883442852813738,3.1666178134474485,1.7233821865525512,2,291,1.74,4.89,7.45,4.62,Zacch Pickens,DT,DL,2023,64.0,64.0,0.14497456493237504,550.0,6.418499999999997,8.23,297.0,0.009620619731803778,0.05723905723905724,0.005050505050505051,0.003367003367003367,,,,,
55931,5.380895040751042,7.2041268054994205,8.873649513620128,10.320795731761406,11.380694390817112,2.8607510659873476,1.6092489340126521,2,211,1.51,4.47,,,Sydney Brown,SS,S,2023,66.0,66.0,0.027377250542718556,662.0,8.5595,10.52,,,,,,,,,,
55934,5.362799135541555,7.373553579443238,8.932333147758948,10.192333333,11.0731986533367,2.8886078139247946,1.6013921860752056,1,165,1.49,4.49,,,Tank Dell,WR,WR,2023,69.0,69.0,0.26267722582978514,757.0,9.193999999999999,10.18,,,,,,633.0,0.14661910913509424,0.3818711821147218,,
55938,5.280530015018532,7.218626182784066,8.919929024036685,10.339694173688859,11.581414189149093,2.839027482857107,1.5609725171428932,2,176,1.5,4.4,,,Jalin Hyatt,WR,WR,2023,73.0,73.0,0.04231201075224966,703.0,9.51,10.45,,,,,,548.0,0.15248362644564928,0.1466866601776577,,
55939,5.657590272732779,7.423140650127964,8.79771251608933,10.09120583278086,10.825555837792695,2.94119941224338,1.59880058775662,2,213,1.53,4.54,,,Cedric Tillman,WR,WR,2023,74.0,74.0,0.348618640080268,944.0,8.8285,10.19,,,,,,797.0,-0.20455619470704753,-0.18106785772087763,,
55942,5.066429992470483,6.9146871357304365,8.739508439587645,10.40350047428631,11.380050499830357,2.8383633148657004,1.5916366851342993,2,250,1.62,4.43,7.19,,Byron Young,OLB,OLB,2023,77.0,77.0,-0.12143526746073796,2666.0,7.445,10.51,1481.0,0.036471569311540206,0.10938555030384875,0.01789331532748143,0.9925725860904794,,,,,
55943,5.223200868526206,6.985894391547167,8.46596235026621,9.681939326019707,10.416210647332727,3.032631854904718,1.6573681450952822,2,254,1.59,4.69,7.08,4.29,Tucker Kraft,TE,TE,2023,78.0,78.0,0.1450274756638832,886.0,8.3275,9.63,,,,,,782.0,0.07354221516412751,0.46670733720992635,,
55947,5.453288028313814,7.159998593333352,8.626343677359793,9.918451565804132,10.858785301914375,2.9621649461533206,1.5478350538466792,1,263,1.56,4.51,,,YaYa Diaby,OLB,OLB,2023,82.0,82.0,0.19722144231991212,2083.0,7.118999999999999,9.95,1415.0,-0.0158553029831198,0.10459363957597173,0.01342756183745583,0.9342756183745583,,,,,
55948,5.157862578390326,7.1004157459666715,8.750418189720614,10.291329915979567,11.26724628856278,2.8675433439803193,1.582456656019681,2,193,1.48,4.45,,,Riley Moss,CB,CB,2023,83.0,83.0,0.00727969691961583,1946.0,8.8375,10.36,,,,,,,,,,
55958,5.076094306646462,6.860701545311571,8.57350523709609,9.997868102390434,10.756350616428243,2.941404161921233,1.6985958380787667,2,264,1.57,4.64,,4.08,Darnell Washington,TE,TE,2023,93.0,93.0,-0.054753779345153575,485.0,7.45,11.23,,,,,,409.0,-0.2648195037742638,-0.5122498182185147,,
55959,5.275880613171001,7.074792586670607,8.626616842323394,10.053394031810743,10.745326896534474,2.9655088589156167,1.6144911410843836,2,213,1.5,4.58,,4.27,Michael Wilson,WR,WR,2023,94.0,94.0,0.02935405147551773,1530.0,8.88,9.76,,,,,,1299.0,-0.028631693527659968,-0.09241438847341532,,
55960,5.3848146403402595,7.250362001774972,8.66753695318055,9.97600350521433,11.05681768684677,2.9510579154871204,1.5989420845128797,2,209,1.56,4.55,,,Jordan Battle,SS,S,2023,95.0,95.0,0.14597165230105258,2033.0,8.179999999999994,10.53,,,,,,,,,,
55962,4.806683627028738,6.408084891263439,7.680247896277523,8.810739019519747,9.035144032732509,3.4343857444537544,1.8256142555462453,1,306,1.81,5.26,,,Ricky Stromberg,C,OL,2023,97.0,97.0,0.15948050750568488,26.0,4.7775,5.4,,,,,,,,,18.0,-0.024836115844708274
55963,4.964644067259677,6.356256577954619,7.664782151372428,8.399450851980854,8.795424406034732,3.5476558256855837,1.8423441743144162,2,335,1.88,5.39,7.8,4.99,Siaki Ika,DT,DL,2023,98.0,98.0,0.20253558148580275,99.0,5.869999999999998,7.71,72.0,-0.026933568314583885,0.013888888888888888,0.0,0.027777777777777776,,,,,
55965,5.454626332083566,7.35348379001168,9.130272286485603,10.463141924026601,11.445391993441966,2.8128863797868537,1.5871136202131466,2,182,1.48,4.4,,,Tre Tucker,WR,WR,2023,100.0,100.0,0.17716961797986386,1431.0,9.57,10.35,,,,,,1225.0,0.1326544495746996,0.17312850648240133,,
55968,4.841056049265978,6.352132788794083,7.611043791815501,8.77514690923639,9.263124202739311,3.4072434375974847,1.8027565624025153,2,318,1.8,5.21,,4.69,Nick Saldiveri,G,OL,2023,103.0,103.0,0.043580845480716945,362.0,5.374999999999999,6.94,,,,,,,,,206.0,0.021685304408061566
55970,5.208620966878689,7.070412124253286,8.822755227505647,10.486005704063054,11.627500975178865,2.8050552153189314,1.554944784681069,2,207,1.54,4.36,,,Kelee Ringo,CB,CB,2023,105.0,105.0,-0.1136509706356641,621.0,8.69,10.52,,,,,,,,,,
55971,4.877893021081874,6.390518789970592,7.910194803410711,9.287331840390948,9.864846752055325,3.184335163245975,1.7956648367540258,2,302,1.68,4.98,7.46,4.71,Blake Freeland,T,OL,2023,106.0,106.0,-0.1937919272985873,724.0,4.8084999999999996,7.34,,,,,,,,,402.0,0.026427531582600895
55973,4.711606496348927,6.239111757801541,7.5954233469791035,9.13619842432908,9.35930720950337,3.3390535928671925,1.7409464071328076,2,332,1.74,5.08,7.84,4.8,Anthony Bradford,G,OL,2023,108.0,108.0,-0.22530384035641582,2273.0,4.87,7.53,,,,,,,,,1267.0,-0.0023585192169735653
55975,5.499177661979189,7.381379214176239,9.037941801501065,10.228702588882824,11.04915705167693,2.88635214315807,1.6036478568419303,1,282,1.61,4.49,,,Adetomiwa Adebawore,DT,DL,2023,110.0,110.0,0.2933496845868797,816.0,6.4825,8.48,511.0,-0.08595270575566677,0.08610567514677103,0.012720156555772993,0.05283757338551859,,,,,
55976,4.894843105548335,6.431796840756991,7.683680178762408,8.607331479578622,9.189405555783104,3.439412313898387,1.9105876861016124,2,374,1.92,5.35,,,Dawand Jones,T,OL,2023,111.0,111.0,0.29109806419933903,1364.0,4.606999999999998,6.93,,,,,,,,,827.0,-0.005049349517985352
55978,5.308066145120586,7.109299215898591,8.75854609926364,10.156821371817855,11.089834217718403,2.899247159819238,1.6107528401807616,2,184,1.51,4.51,,4.32,Clark Phillips,CB,CB,2023,113.0,113.0,0.07678119741279854,820.0,8.67,11.98,,,,,,,,,,
55982,4.885449055712172,6.464737552498329,7.863898736287364,9.132680700607596,9.82794398464257,3.257242896922901,1.8127571030770995,2,323,1.8,5.07,7.62,4.69,Sidy Sow,G,OL,2023,117.0,117.0,-0.011667557570748777,936.0,5.395,8.07,,,,,,,,,563.0,-0.0006023854344491156
55983,4.999984944605075,6.6444280079563125,7.91795318004938,9.134866627998948,9.760108511874655,3.2607538176005884,1.7292461823994119,2,294,1.71,4.99,7.53,4.6,Braeden Daniels,G,OL,2023,118.0,118.0,0.07210680259825519,,,,,,,,,,,,,
55984,5.468242339226951,7.217386414415865,8.796779356373245,10.09528173347133,10.885387212169046,2.8799548831958504,1.6300451168041497,2,202,1.56,4.51,,,Chamarri Conner,SS,S,2023,119.0,119.0,0.07681646220055338,1897.0,8.21,10.42,,,,,,,,,,
55987,4.977426627515631,6.6460068936516725,8.077888772255907,9.146401196756706,9.716187922862686,3.2467238528881763,1.7632761471118232,2,303,1.73,5.01,7.31,4.45,Jon Gaines,C,OL,2023,122.0,122.0,0.0976647121158587,361.0,5.41,7.13,,,,,,,,,218.0,0.027624110690041268
55988,4.857823121336843,6.311985836326498,7.714606646825105,8.944924573634045,9.39706227921857,3.3191054195412635,1.780894580458736,2,304,1.8,5.1,,,Cameron Young,NT,DL,2023,123.0,123.0,-0.1427901319256053,202.0,6.517499999999999,7.78,98.0,0.12729011560612322,0.05102040816326531,0.0,0.0,,,,,
55989,5.385722963810689,7.079593022796498,8.500904462374585,9.860183902562111,10.288052773004491,3.0506056161810684,1.6093943838189317,2,257,1.63,4.66,,4.62,Tavius Robinson,OLB,OLB,2023,124.0,124.0,0.25433821961631153,1271.0,7.165,9.1,789.0,0.09668175340455724,0.049429657794676805,0.011406844106463879,0.8466413181242078,,,,,
55990,5.279632810627996,7.191174138649079,9.084886756411723,10.661573856398466,11.60837056282777,2.779291129140873,1.5807088708591277,2,165,1.46,4.36,,4.38,Derius Davis,WR,WR,2023,125.0,125.0,-0.01422350823534213,194.0,9.553500000000001,10.02,,,,,,156.0,1.229025938655533,0.7955278500403655,,
55991,5.194873244865737,6.877666759817199,8.405447013518984,9.628953532705982,10.21077388511413,3.0949367454062675,1.6650632545937323,2,268,1.72,4.76,7.39,,Isaiah McGuire,DE,DL,2023,126.0,126.0,0.06992979016400191,989.0,6.576,8.47,824.0,-0.0736896161935102,0.0703883495145631,0.006674757281553398,0.9745145631067961,,,,,
55995,4.9347201620162595,6.497500894576232,8.11836935317215,8.821831944546384,9.263580298218299,3.3350630438711284,1.774936956128872,2,279,1.72,5.11,7.6,,Tyler Lacy,DE,DL,2023,130.0,130.0,0.05310613224769156,722.0,6.2395,7.92,384.0,0.060721319698962974,0.049479166666666664,0.0026041666666666665,0.2864583333333333,,,,,
55999,5.152663673444141,6.8002024745956895,8.647702630805293,10.136559935006385,10.89625081920284,2.921768567666489,1.6282314323335108,1,188,1.53,4.55,,,Jay Ward,SS,S,2023,134.0,134.0,-0.30418787487823007,311.0,8.205,9.5,,,,,,,,,,
56001,5.308931267976426,7.162627529752784,8.823596566202475,10.101792331051293,10.860906751379243,2.9309970106974292,1.5390029893025707,2,237,1.56,4.47,,,Yasir Abdullah,OLB,OLB,2023,136.0,136.0,0.16317775265047718,216.0,7.6325,9.02,148.0,-0.049817867532871096,0.05405405405405406,0.0,0.831081081081081,,,,,
56003,5.427712548220927,7.323671501939972,8.954165318040193,10.554609599147325,11.367581940155842,2.822035498760063,1.5379645012399372,1,198,1.51,4.36,,,Darius Rush,CB,CB,2023,138.0,138.0,0.13960840705102218,39.0,7.5920000000000005,8.57,,,,,,,,,,
56007,5.545664163807489,7.361976002891854,8.985470094576232,10.394803430030711,10.925317838395944,2.8562991789802115,1.6137008210197883,2,191,1.48,4.47,,,Cameron Mitchell,CB,CB,2023,142.0,142.0,0.2890459640318861,909.0,8.47,10.16,,,,,,,,,,
56010,5.182037032134313,6.986596200755217,8.663614139499089,9.95258914412208,10.73373283274548,2.973996049368661,1.6160039506313388,2,191,1.58,4.59,,,Jammie Robinson,SS,S,2023,145.0,145.0,-0.08161454597731144,75.0,7.4030000000000005,8.39,,,,,,,,,,
56012,5.316043890972599,7.034257455449209,8.464722432458814,9.594784425263718,10.33019723138434,3.051456292648652,1.6385437073513482,2,248,1.61,4.69,,,Josh Whyle,TE,TE,2023,147.0,147.0,0.19339053956592522,302.0,8.119,8.78,,,,,,243.0,0.2769264108998461,-0.07691910973449743,,
56015,5.33322792298072,7.2894448265659335,8.849213812533852,10.044786407018893,11.232236716263332,2.907571306657834,1.6424286933421655,2,229,1.59,4.55,,,Justin Shorter,WR,WR,2023,150.0,150.0,0.22219368523138883,15.0,8.151,8.62,,,,,,10.0,0.13892554578425403,2.1395846133884113,,
56020,5.263308637332478,7.123163772153433,8.90550448147335,10.41720390302488,11.096198679939507,2.8631712739224,1.5968287260776,2,189,1.57,4.46,6.9,4.43,Darrell Luter,CB,CB,2023,155.0,155.0,0.04013072819992125,338.0,8.2715,9.75,,,,,,,,,,
56021,5.044262261148207,6.65114024605219,8.04213440197641,9.333050361905965,9.846888866853265,3.213943147543004,1.7760568524569964,2,303,1.74,4.99,7.7,4.81,Jordan McFadden,G,OL,2023,156.0,156.0,0.0788190406941327,166.0,5.0825,6.23,,,,,,,,,95.0,0.026852580813780207
56023,5.413658887654749,7.3027954199532825,9.153176010747325,10.413160857894908,11.011321404039084,2.864947120711506,1.5850528792884941,2,208,1.55,4.45,6.75,4.17,Daniel Scott,SS,S,2023,158.0,158.0,0.10795606362588561,13.0,8.12,8.15,,,,,,,,,,
56025,5.610124266283273,7.398965241821658,8.948802121023153,10.16597869677558,10.80526345094356,2.8826919270292426,1.637308072970757,1,198,1.57,4.52,,,Antonio Johnson,SS,S,2023,160.0,160.0,0.26744019029169497,1514.0,8.36,10.27,,,,,,,,,,
56026,5.178653343026387,6.962758031740423,8.609397819720037,9.87893486304922,10.598919278543413,2.9521204231993545,1.6278795768006458,2,236,1.65,4.58,,,Nick Hampton,OLB,OLB,2023,161.0,161.0,0.06415797638250087,188.0,7.183000000000001,9.34,98.0,0.046548046444650715,0.08163265306122448,0.0,1.0,,,,,
56027,5.114124623780665,6.9076000628508565,8.668602364939009,10.230817988122663,11.203304294417954,2.8896928003075475,1.6503071996924523,2,239,1.59,4.54,,,Will Mallory,TE,TE,2023,162.0,162.0,-0.15703207935274488,204.0,8.3555,9.13,,,,,,181.0,-0.2878727220609117,0.12435562213084964,,
56035,4.995844925774048,6.807799059202104,8.523802129177987,10.05098470811741,10.658532523241341,2.975273570782456,1.644726429217544,2,192,1.56,4.62,,,Christopher Smith,FS,S,2023,170.0,170.0,-0.23327698547438214,36.0,7.765,8.61,,,,,,,,,,
56036,4.98305864567862,6.625212104182081,8.171973510768268,9.628660627311772,10.042925619289136,3.106474508519376,1.7635254914806242,2,253,1.61,4.87,,,Payne Durham,TE,TE,2023,171.0,171.0,0.0528634598831772,262.0,7.659,8.32,,,,,,189.0,0.11810013406316684,-0.38364458406620694,,
56038,5.368406400445358,7.123834349437612,8.592633607463192,10.23579687235896,11.02629533872043,2.8856493844488416,1.594350615551159,2,247,1.62,4.48,,,Robert Beal,DE,DL,2023,173.0,173.0,0.025423613924690613,290.0,7.3355,9.0,209.0,0.006198954339542005,0.05263157894736842,0.004784688995215311,0.9712918660287081,,,,,
56040,5.121554404592272,6.7280469942377925,8.35984018396147,9.717916716094987,9.932777310190783,3.089186627862641,1.7508133721373587,2,245,1.6,4.84,,,Davis Allen,TE,TE,2023,175.0,175.0,0.110945304674825,397.0,7.802,8.62,,,,,,344.0,-0.0022855412525298324,-0.1805795960042337,,
56045,5.410204653557895,7.270689733127167,8.909720612656884,10.441348450284046,11.16324548096263,2.8379556191335604,1.5820443808664393,2,181,1.49,4.42,,4.21,Kei'Trel Clark,CB,CB,2023,180.0,180.0,0.1472446687994795,762.0,8.459,10.31,,,,,,,,,,
56052,5.125375957975313,6.8505200465259275,8.627154775181348,10.290692887857652,11.101793702075566,2.8897116920182118,1.6102883079817885,2,195,1.58,4.5,,4.25,Kayshon Boutte,WR,WR,2023,187.0,187.0,-0.2530854383743737,913.0,8.892,12.67,,,,,,710.0,-0.06505120041975734,-0.21227350779669155,,
56055,4.9408267018693675,6.488356751616119,7.833952006301065,9.045293192440084,9.774516762806288,3.286054958900627,1.8539450410993727,2,303,1.83,5.14,7.64,4.53,Luke Wypler,C,OL,2023,190.0,190.0,0.0958782249248964,328.0,5.2829999999999995,7.16,,,,,,,,,182.0,0.014636862742209772
56056,5.42402010761691,7.338773739758499,9.019807624523192,10.531048962911697,11.460261357287575,2.803399067045236,1.5266009329547643,2,192,1.51,4.33,,,Trey Palmer,WR,WR,2023,191.0,191.0,0.1115634867346218,632.0,9.408999999999999,10.7,,,,,,533.0,0.06531162938728556,-0.006468209531480695,,
56059,4.995776932870432,6.477234423953473,7.814232329365729,8.691822125430516,9.058639250025543,3.3768507936393997,1.8431492063606003,2,332,1.82,5.22,,,Keondre Coburn,NT,DL,2023,194.0,194.0,0.14703292678411017,232.0,6.9545,7.73,112.0,0.10800700838216336,0.044642857142857144,0.0,0.0,,,,,
56060,5.467555488579237,7.451564204448886,9.010836202977915,10.110599035791559,10.94765738476341,2.9150845980973052,1.5549154019026943,2,198,1.59,4.47,,,A.T. Perry,WR,WR,2023,195.0,195.0,0.3261461134091297,208.0,9.122499999999999,9.92,,,,,,180.0,-0.053271704368431504,0.1800536800471466,,
56061,4.915924573699282,6.684949913804468,8.271367157344486,9.657556255307712,10.004388889966666,3.125755634790906,1.6042443652090945,2,242,1.63,4.73,6.95,4.3,Jose Ramirez,OLB,OLB,2023,196.0,196.0,-0.07612779372020029,30.0,6.328499999999998,7.03,25.0,-0.20493207462107715,0.12,0.0,0.92,,,,,
56062,5.529030839567078,7.380694065677368,8.969931360162438,10.194499412750007,10.920841718865926,2.903134325080507,1.636865674919493,2,235,1.56,4.54,7.01,,Elijah Higgins,TE,TE,2023,197.0,197.0,0.31606192347376627,546.0,8.477500000000001,9.65,,,,,,459.0,-0.2661674173000123,0.2416850456316424,,
56066,4.640580804693455,6.2614322829604685,7.708872037456318,8.56899896271759,9.039855633008518,3.4644240716962145,1.8655759283037858,2,306,1.82,5.33,7.96,4.73,Jarrett Patterson,C,OL,2023,201.0,201.0,0.09675448258057173,1345.0,5.37,7.21,,,,,,,,,787.0,-0.013708966289860902
56070,5.3387553575641515,7.1580602997838545,8.660155222880888,9.970627691693654,10.871336649278028,2.96114439689193,1.5688556031080703,2,203,1.55,4.53,6.91,4.35,Xavier Hutchinson,WR,WR,2023,205.0,205.0,0.07626742102300721,829.0,8.99,9.91,,,,,,694.0,-0.009982568959505356,-0.08951498359234042,,
56071,5.442808500950205,7.258449291191205,8.942522585865648,10.351682780382,11.266494622302208,2.8578182638414202,1.5721817361585795,2,205,1.52,4.43,6.85,4.12,Andrei Iosivas,WR,WR,2023,206.0,206.0,0.103947725298843,1260.0,8.94,10.05,,,,,,1086.0,-0.14149753053698885,-0.035529468038910265,,
56075,5.3129431684179576,7.2815769154299055,8.987591304653403,10.335445825330233,11.300948188300492,2.8471773156846867,1.592822684315314,2,179,1.54,4.44,,4.29,Demario Douglas,WR,WR,2023,210.0,210.0,0.1343462182506956,985.0,9.027999999999999,10.01,,,,,,817.0,0.12760801036006553,0.4346010052623155,,
56078,4.922090768950134,6.598879439458351,8.131801700093558,9.356422651563076,10.131361176704484,3.1631000477985127,1.686899952201487,2,286,1.72,4.85,7.38,4.61,Dante Stills,DE,DL,2023,213.0,213.0,-0.11542667688279185,1614.0,5.9404999999999974,8.14,914.0,0.0035734558402644367,0.0525164113785558,0.007658643326039387,0.13129102844638948,,,,,
56084,5.334482683066736,7.194965743966831,9.023217984688069,10.385724575824826,11.045686823043644,2.863811530397327,1.606188469602673,2,199,1.54,4.47,6.99,4.27,Antoine Green,WR,WR,2023,219.0,219.0,0.0695476529270751,55.0,8.703,9.42,,,,,,43.0,-0.2823784578690354,-0.8393818989420629,,
56085,5.071109910757347,6.862045968706795,8.443528683333541,10.085230470257429,10.98197375704274,2.948633374831834,1.601366625168166,2,255,1.57,4.55,6.87,4.12,Zack Kuntz,TE,TE,2023,220.0,220.0,-0.18766849174211941,,,,,,,,,,,,,
56086,5.4752783118979185,7.325599626171781,8.920563088673212,10.08593967854245,10.815521842633775,2.9337491216340856,1.6362508783659144,2,200,1.48,4.57,6.88,4.3,Jaylon Jones,CB,CB,2023,221.0,221.0,0.35369963824725215,2138.0,8.151499999999999,10.55,,,,,,,,,,
56089,5.369171445405806,7.16635791608604,8.632218156843521,10.120768967118732,10.973274800477867,2.9014086276259308,1.6685913723740697,2,203,1.57,4.57,,,DeMarcco Hellams,SS,S,2023,224.0,224.0,0.08005736798281582,382.0,8.209000000000001,9.28,,,,,,,,,,
56090,5.154628955523197,6.702137438279843,8.050660436081301,9.018951965505366,9.573011113132623,3.2428747646930485,1.8771252353069516,2,297,1.8,5.12,7.9,4.8,Jovaughn Gwyn,C,OL,2023,225.0,225.0,0.285679887766376,11.0,5.574999999999999,6.43,,,,,,,,,4.0,0.17747521275408754
56095,4.624265900574304,5.998733138047411,7.649701535352016,8.80989030617051,9.18075111457874,3.4004889667173277,1.869511033282672,2,305,1.84,5.27,7.75,4.7,Nick Broeker,G,OL,2023,230.0,230.0,-0.23788173379922029,9.0,3.934,3.95,,,,,,,,,1.0,0.9023802510456784
56096,4.793983516974997,6.257238468058162,7.4910077722493895,8.77514094644843,9.079355268243635,3.4415433211486817,1.7184566788513185,2,304,1.77,5.16,,,Nesta Jade Silvera,DT,DL,2023,231.0,231.0,-0.13525026465257106,94.0,6.6534999999999975,7.8,49.0,-0.037963097164555544,0.0,0.0,0.04081632653061224,,,,,
56099,5.352798004790714,7.277414781538045,9.015510867285252,10.253261936517333,10.804545096084128,2.9107747868440588,1.5892252131559412,2,204,1.52,4.5,,,Jason Taylor,FS,S,2023,234.0,234.0,0.12779992863738698,39.0,7.452000000000001,9.28,,,,,,,,,,
56103,5.0490012434606095,6.666579015487017,8.052904198144418,8.941205380683856,9.333115090697753,3.281258657647001,1.8987413423529989,2,298,1.78,5.18,7.39,,Ryan Hayes,T,OL,2023,238.0,238.0,0.3220585364402835,,,,,,,,,,,,,
56107,5.32021467338028,7.206334497661519,8.974982343712085,10.261893042185244,11.010497846142684,2.887372768762845,1.652627231237155,2,205,1.55,4.54,,,Anthony Johnson,FS,S,2023,242.0,242.0,0.09289924750225165,323.0,8.398999999999996,9.87,,,,,,,,,,
56109,5.106444600303979,7.01806853771587,8.590515081002305,9.78288346888501,10.688310199801503,3.0121421258772254,1.677857874122775,2,201,1.56,4.69,7.15,4.31,Jalen Brooks,WR,WR,2023,244.0,244.0,0.052609558365446674,318.0,9.1535,9.91,,,,,,279.0,0.021608111867737728,0.1641843212882431,,
56113,5.339334726247198,7.20919787621586,9.020708017211845,10.50158050515989,11.099899186209953,2.846500824259176,1.5834991757408239,2,193,1.5,4.43,,,Brandon Hill,SS,S,2023,248.0,248.0,-0.0037312814822323404,1.0,8.09,8.09,,,,,,,,,,
56117,5.268727032132036,7.157308540585113,8.678975208866916,9.944394503158792,10.947827919972159,2.9540813525790197,1.59591864742098,2,195,1.54,4.55,,4.33,Alex Austin,CB,CB,2023,252.0,252.0,0.1652025424734962,594.0,8.49,9.76,,,,,,,,,,
56118,5.393271766267451,7.253668435855218,8.77219550219703,9.913688331391818,10.683407292597458,2.9781555424741515,1.5618444575258486,2,191,1.52,4.54,6.98,4.15,Ronnie Bell,WR,WR,2023,253.0,253.0,0.17914642580752194,166.0,9.4125,9.91,,,,,,125.0,-0.2021571907281025,-0.23166546576953675,,
56121,5.335893571324084,7.113366904680188,8.684928862545032,10.01334240478387,10.942472031636829,2.943823372551249,1.6261766274487512,2,201,1.52,4.57,6.89,4.32,Grant DuBose,WR,WR,2023,256.0,256.0,0.060657500771947426,32.0,8.4935,10.05,,,,,,27.0,-0.5657821610408093,0.42506510750848864,,
56198,5.332392838359236,7.191837071584405,8.864910218085958,9.967629627948147,10.813333333333334,2.9458075591339776,1.6241924408660227,1,212,1.55,4.57,,4.39,Dontay Demus,WR,WR,2023,,262.0,0.13912766767616436,,,,,,,,,,,,,
56203,4.65548443291231,6.117389828383557,7.423365439393791,8.643120329645637,9.059197239160447,3.4691977029412002,1.8708022970587996,2,327,1.85,5.34,7.9,4.8,Tashawn Manning,G,OL,2023,,262.0,-0.035298460085217975,,,,,,,,,,,,,
56218,5.0480010662642565,6.734766156963431,8.14034864235095,9.371562759155292,10.049444600888595,3.167530670223374,1.6524693297766264,2,250,1.65,4.82,,,Brenton Cox,DE,DL,2023,,262.0,-0.010683577148395962,243.0,6.696999999999999,7.53,200.0,-0.04412281964737502,0.095,0.025,0.95,,,,,
56220,5.501427902950582,7.29306536988493,8.834229312805448,10.045201601029735,10.595053257208054,2.9669358367991068,1.673064163200893,2,213,1.53,4.64,6.96,4.46,Malik Heath,WR,WR,2023,,262.0,0.29125204696874896,279.0,8.821,9.66,,,,,,248.0,0.12966608513030464,0.20342268316407447,,
56228,5.257676347581816,6.936392672928484,8.408277254671436,9.558248704431294,10.322744498374895,3.06265724176688,1.71734275823312,2,251,1.67,4.78,7.11,4.44,Habakkuk Baldonado,DE,DL,2023,,262.0,0.149418115122411,,,,,,,,,,,,,
56232,5.451710432807593,7.334102917481827,9.027580129485791,10.42184284240906,11.222023376879292,2.8458335563022246,1.534166443697775,2,221,1.54,4.38,6.97,4.15,Bryce Ford-Wheaton,WR,WR,2023,,262.0,0.1432470080237085,,,,,,,,,,,,,
56238,5.190357077417749,7.028516156836395,8.658738075010415,9.822789595451935,10.930976987951357,2.9755393383642974,1.6844606616357027,2,215,1.56,4.66,6.98,4.31,Jadon Haselwood,WR,WR,2023,,262.0,0.04124457134651749,,,,,,,,,,,,,
56239,5.600436292759487,7.4019371462213535,8.93397828249713,10.126400823910974,10.648597783916825,2.9454504628118756,1.5945495371881244,2,217,1.59,4.54,,,Joseph Ngata,WR,WR,2023,,262.0,0.3274151361736575,,,,,,,,,,,,,
56248,5.202779923286068,7.047698905579745,8.709159951896204,10.039234137319392,10.80069000226192,2.9501169147179707,1.6398830852820292,2,198,1.52,4.59,,,Jason Brownlee,WR,WR,2023,,262.0,0.009531239097807287,205.0,8.68,9.61,,,,,,166.0,0.1628441737301798,0.10028542927981367,,
56250,5.207789425032182,6.877808204506666,8.363241670086783,9.690674041145254,10.737430189774969,3.024661235000139,1.725338764999861,2,200,1.6,4.75,,,Trey Dean,SS,S,2023,,262.0,-0.04568413126030002,,,,,,,,,,,,,
56344,4.635699370440035,6.184220800765965,7.5423652041589175,8.30346477570071,8.507691210550565,3.622761794712959,1.8572382052870415,2,293,1.81,5.48,8.0,4.92,Connor Galvin,T,OL,2023,,262.0,0.19938567905290494,,,,,,,,,,,,,
56347,5.0539337179988255,6.805869193854109,8.507973164394535,10.013605132784928,10.696493556321022,2.9791814819862354,1.6408185180137644,2,202,1.56,4.62,7.08,4.23,Brandon Joseph,SS,S,2023,,262.0,-0.2352068508223768,181.0,8.56,10.6,,,,,,,,,,
56361,5.187718931977356,6.886220071176628,8.476868517519375,10.059862252030904,10.80649459913414,2.9634397563339654,1.6365602436660345,2,204,1.56,4.6,,,Jaray Jenkins,WR,WR,2023,,262.0,-0.14467672659215847,,,,,,,,,,,,,
56365,5.023393954594417,6.5849090333094775,7.733248194293657,8.674648037573071,9.013925777023982,3.4694515510637416,1.7905484489362584,2,302,1.81,5.26,7.69,4.8,D.J. Dale,DT,DL,2023,,262.0,0.29623235983436036,,,,,,,,,,,,,
56400,4.939093350097772,6.790251403304266,8.381052692801838,9.804380190044895,10.50914938132419,3.0101475410928042,1.6898524589071962,2,247,1.63,4.7,,,Blake Whiteheart,TE,TE,2023,,262.0,-0.03569783082433098,179.0,7.721,9.67,,,,,,135.0,-0.23075138101994636,0.5650264669653585,,
56408,5.224071666413688,6.997807433276602,8.651805047917666,10.092034288324154,10.796567982498306,2.9516172404901706,1.5983827595098292,1,244,1.62,4.55,,,Lonnie Phelps,DE,DL,2023,,262.0,-0.027934860771388514,,,,,,,,,,,,,
56450,4.710762995738146,6.21068772880047,7.515421910430846,8.396320240339332,8.6168171476134,3.5656556755464686,1.9143443244535319,2,317,1.86,5.48,,,T.J. Bass,G,OL,2023,,262.0,0.2258526070874094,1008.0,4.83,7.62,,,,,,,,,557.0,-0.03134974183213538
56451,5.104713784300843,6.623034598958255,7.924483770915744,9.132671098229492,9.757978427614809,3.232485922507177,1.817514077492823,2,309,1.74,5.05,,,Earl Bostick,T,OL,2023,,262.0,0.12265046506693089,,,,,,,,,,,,,
56456,5.268259127586214,7.046255088410661,8.592189547864825,9.909707611389683,10.73829539827899,2.962635494915242,1.657364505084758,2,236,1.65,4.62,7.2,4.56,Isaiah Land,DE,DL,2023,,262.0,0.0931812358276023,112.0,7.020499999999999,8.01,92.0,-0.11819207412259786,0.07608695652173914,0.010869565217391304,1.0,,,,,
56461,5.1615356019361585,6.7905416905725176,8.362148562526405,9.825564601212806,10.58511626102753,3.023037156810151,1.626962843189849,2,263,1.59,4.65,,4.54,Tyrus Wheat,DE,DL,2023,,262.0,-0.13138854423985613,261.0,7.26,9.39,160.0,0.14852709080341095,0.05625,0.009375,0.9125,,,,,
56474,5.263406556112601,7.054709684643131,8.72327381379073,10.118360111565517,10.850450934833631,2.937736521524111,1.6022634784758887,2,187,1.55,4.54,,,Arquon Bush,CB,CB,2023,,262.0,0.05250068143797115,,,,,,,,,,,,,
56497,5.178286636978948,6.83407705119447,8.395327372283667,9.630753096999033,10.038555631486634,3.086199234427319,1.7238007655726808,2,291,1.71,4.81,7.3,4.51,Jalen Redmond,DE,DL,2023,,262.0,0.0782461111590802,1000.0,5.864499999999996,10.03,596.0,0.03734587020334723,0.0587248322147651,0.01174496644295302,0.2651006711409396,,,,,
56510,5.2077794247586295,6.936199709495668,8.395579026907512,9.713865200715379,10.335342937684063,3.040374885087659,1.6196251149123413,2,262,1.65,4.66,,,Thomas Incoom,OLB,OLB,2023,,262.0,0.11094490631548126,84.0,7.756999999999995,9.53,49.0,-0.029090439021313152,0.061224489795918366,0.0,0.9387755102040817,,,,,
56514,4.57676765053573,6.045912988417413,7.354043175875889,8.410895395132304,8.85367415635816,3.5504691417127447,1.8595308582872554,2,320,1.88,5.41,8.01,5.03,P.J. Mustipher,NT,DL,2023,,262.0,-0.08704559620427954,342.0,5.859500000000001,7.13,129.0,0.05921181106821646,0.03875968992248062,0.0,0.0,,,,,
56541,5.281367227633,7.162884712243731,8.942788425408011,10.42635429234037,11.253553544968995,2.841747872892107,1.5982521271078935,2,192,1.51,4.44,,,Rakim Jarrett,WR,WR,2023,,262.0,0.0156540150645208,154.0,9.0805,9.86,,,,,,120.0,-0.1146453408852547,-0.4168676422315611,,
56543,5.134453462762949,7.012335460381109,8.802209377090332,9.954951157985333,10.624198224057247,2.9774767403352196,1.6425232596647805,2,205,1.58,4.62,,,Kaevon Merriweather,SS,S,2023,,262.0,-0.028740584295376514,443.0,8.269,10.27,,,,,,,,,,
56559,5.262347294083617,6.98323915316721,8.490979818906025,9.765875194209048,10.707343636670188,3.009729760512947,1.5902702394870527,2,199,1.53,4.6,,4.21,Mitch Tinsley,WR,WR,2023,,262.0,-0.04765764460157662,147.0,8.389,9.02,,,,,,128.0,0.24113324126909977,0.2545104223215483,,
56563,5.136132181357514,7.075030961819596,8.81999599328898,10.37575583001465,11.201831544235349,2.8503669682364965,1.5696330317635037,2,201,1.51,4.42,7.01,4.47,Jacob Copeland,WR,WR,2023,,262.0,-0.08674147278591704,,,,,,,,,,,,,
56567,5.148584740082953,6.996234938683129,8.673799856227197,10.06947990418626,10.91845889839951,2.9377326340630967,1.5822673659369029,1,195,1.61,4.52,,4.48,Tyreque Jones,FS,S,2023,,262.0,-0.13529011284683445,,,,,,,,,,,,,
56571,5.121910159048962,6.839091009641968,8.336854589324268,9.611493450935217,10.192111535410955,3.1082117664009994,1.701788233599,2,254,1.65,4.81,7.28,4.45,Caleb Murphy,OLB,OLB,2023,,262.0,0.1513585542950331,167.0,7.255999999999999,8.48,111.0,0.022690527342134573,0.06306306306306306,0.0045045045045045045,0.918918918918919,,,,,
56572,4.897495888259363,6.445187070229524,7.745988357690802,8.786170896466198,9.284691334014735,3.3655907967637617,1.8744092032362387,2,309,1.81,5.24,7.52,4.52,John Ojukwu,T,OL,2023,,262.0,0.17260366264952598,427.0,5.8469999999999995,8.25,,,,,,,,,188.0,0.03668452957185294
56581,4.622501542700361,6.265833837328648,7.818602157358683,8.581913881385994,9.188127551692688,3.405063855619761,1.844936144380239,2,334,1.82,5.25,7.6,4.83,Jerrod Clark,DT,DL,2023,,262.0,-0.03322404207003071,,,,,,,,,,,,,
56625,4.688991783334275,6.1316975991289375,7.536841139209656,8.537074807123187,8.809979412795673,3.5234989085361486,1.9165010914638518,2,303,1.9,5.44,7.75,4.92,Mark Evans,T,OL,2023,,262.0,0.09890442977138747,,,,,,,,,,,,,
56629,5.286535610886806,7.076325662686075,8.496079370142514,10.12090250481727,10.936311615680811,2.943014409216948,1.6869855907830518,2,205,1.59,4.63,,,Anthony Johnson,CB,CB,2023,,262.0,0.16504370532280976,,,,,,,,,,,,,
56636,4.503866417991881,6.14016794227205,7.568107959177619,8.877504224361969,9.47333239397694,3.35095950147179,1.8890404985282103,1,324,1.85,5.24,7.7,4.97,McClendon Curtis,G,OL,2023,,262.0,-0.13241546530794857,,,,,,,,,,,,,
56648,5.417112483701627,7.1148442042398115,8.456457951142019,9.348059352292099,10.313926167382533,3.0470709703631433,1.6529290296368566,2,264,1.66,4.7,,,Ikenna Enechukwu,OLB,OLB,2023,,262.0,0.3262620271484922,,,,,,,,,,,,,
56662,5.089986774534379,7.027376544126914,8.619314857454857,9.486690311871905,10.488771354667051,3.0633189498754216,1.656681050124578,2,193,1.59,4.72,,,Rashad Torrence,FS,S,2023,,262.0,0.07674950630390498,,,,,,,,,,,,,
57126,5.558141032853058,7.362957802893053,8.23331521241688,9.11751962660594,9.618793446374646,3.2689489188077676,1.781051081192232,2,321,1.73,5.05,7.31,4.51,Joe Alt,T,OL,2024,5.0,5.0,0.8625736690017289,1321.0,4.87,7.1,,,,,,,,,740.0,-0.030198708595874212
57130,5.293398627101828,7.505752292897688,9.342779299453657,10.322076001543024,10.856652513576318,2.880691686120434,1.569308313879566,2,212,1.52,4.45,6.88,4.03,Rome Odunze,WR,WR,2024,9.0,9.0,0.36579246443162905,1019.0,8.85,9.87,,,,,,783.0,0.02146492736843526,-0.41269530055280695,,
57135,5.380210970369285,6.759963332017863,7.940817743164525,8.928460195009787,9.386633885974916,3.282252268601056,1.8477477313989439,2,324,1.77,5.13,,,Taliese Fuaga,T,OL,2024,14.0,14.0,0.355495293415518,1884.0,5.14,7.78,,,,,,,,,1101.0,-0.007597413642802984
57136,5.2146822420786245,7.157257350927607,8.814808883464623,9.927847473201528,10.523782883581385,2.9218374331293164,1.718162566870683,2,259,1.62,4.64,,,Laiatu Latu,DE,DL,2024,15.0,15.0,0.22494591019167132,1374.0,6.655499999999988,8.76,1034.0,-0.024749069310567844,0.09671179883945841,0.012088974854932301,0.9709864603481625,,,,,
57137,5.305895075369386,7.05268711668605,8.447186915797925,9.446414475798786,9.889154962270233,3.129094244572582,1.740905755427418,2,297,1.69,4.87,,,Byron Murphy,DT,DL,2024,16.0,16.0,0.35914341219203116,1241.0,5.72,8.51,682.0,0.07182029206807045,0.08944281524926687,0.008064516129032258,0.02785923753665689,,,,,
57140,5.073842332926555,6.84504774694236,8.586059416144838,10.061732887269981,10.822575825302629,2.953297147461458,1.626702852538542,2,254,1.6,4.58,7.31,4.44,Jared Verse,OLB,OLB,2024,19.0,19.0,-0.053552308415562244,1689.0,6.736,10.5,1225.0,-0.05138327525779488,0.1126530612244898,0.009795918367346938,0.96,,,,,
57141,5.5850577012739135,7.272913389055544,8.44575974194845,9.003547994618401,9.639487153803,3.2721476105796645,1.737852389420335,2,317,1.71,5.01,,,Troy Fautanu,T,OL,2024,20.0,20.0,0.7245712075197304,1086.0,4.99,7.68,,,,,,,,,615.0,-0.026354994705391772
57142,5.022613915925659,7.107895761914448,8.949218557818678,10.119547656244537,10.732643920039875,2.9332792496959654,1.546720750304035,1,254,1.54,4.48,,4.25,Chop Robinson,OLB,OLB,2024,21.0,21.0,0.1176141413343581,982.0,6.94,8.89,716.0,-0.11103818112350383,0.11871508379888268,0.013966480446927373,0.979050279329609,,,,,
57143,4.634817050022251,6.962420794245894,9.223380242886215,10.801488639073288,11.455054244159818,2.7052462996194278,1.624753700380572,2,195,1.51,4.33,,,Quinyon Mitchell,CB,CB,2024,22.0,22.0,-0.251951315923689,1940.0,8.481499999999999,10.44,,,,,,,,,,
57144,5.893542809631574,8.106465018162492,10.28177891431168,10.819302993867243,11.542161162176194,2.7120136024318082,1.6179863975681918,1,209,1.5,4.33,,,Brian Thomas,WR,WR,2024,23.0,23.0,0.8792547651386151,984.0,9.19,10.83,,,,,,842.0,-0.08024815074892387,-0.021102122572775044,,
57145,5.182059430261447,7.157199174315564,8.946735375124295,10.069017856540619,10.74304151307984,2.9008521673773364,1.5991478326226636,2,189,1.54,4.5,,,Terrion Arnold,CB,CB,2024,24.0,24.0,0.11457815073622779,1256.0,8.85,13.87,,,,,,,,,,
57148,4.524030555960088,6.441354822136127,8.202751630267365,9.148034831946836,9.852148268996162,3.218946563405593,1.7310534365944072,2,285,1.73,4.95,,,Darius Robinson,DT,DL,2024,27.0,27.0,-0.16913923496939987,690.0,5.881999999999999,7.78,459.0,-0.03301234441014296,0.023965141612200435,0.004357298474945534,0.2788671023965142,,,,,
57150,4.879620062543354,6.351824953167638,7.707059117378272,8.731745596797325,9.216804792495902,3.3908036240856254,1.799196375914375,2,322,1.76,5.19,7.5,4.71,Tyler Guyton,T,OL,2024,29.0,29.0,0.01929398603202781,1315.0,5.012999999999999,7.2,,,,,,,,,778.0,-0.006003030941686028
57152,5.4886019766164384,7.595330515468421,9.279470722710432,10.244454835527087,11.119953043678064,2.868900561774225,1.5410994382257752,2,189,1.57,4.41,6.64,4.05,Ricky Pearsall,WR,WR,2024,31.0,31.0,0.42628721214975673,575.0,8.85,9.64,,,,,,493.0,0.017238360751168965,-0.003249989498448301,,
57153,4.884812609663502,7.107349510662935,9.220478072663003,10.642500418386799,11.440401621808025,2.78315699004986,1.60684300995014,2,221,1.54,4.39,,,Xavier Legette,WR,WR,2024,32.0,32.0,-0.0762355300820321,813.0,8.88,10.37,,,,,,695.0,-0.1635183538632069,-0.13969814900586283,,
57154,5.1696659852032445,6.964953220131659,8.582958876306144,9.900739347164984,10.688437499692382,2.995527491092323,1.6144725089076775,1,213,1.54,4.61,,,Keon Coleman,WR,WR,2024,33.0,33.0,-0.058672708923976025,633.0,8.708,9.79,,,,,,513.0,-0.04238198260566656,-0.31654680476471353,,
57155,5.084611881437466,7.243428959150668,9.301568885869823,10.289489216083265,10.96361205093642,2.869022458735424,1.5209775412645758,2,186,1.52,4.39,,,Ladd McConkey,WR,WR,2024,34.0,34.0,0.05984391840570069,1034.0,8.88,15.42,,,,,,854.0,-0.05987703866112144,0.10290834069976039,,
57156,4.956974492469877,6.705066302383252,8.162463844116825,9.417841350928082,9.761773036274096,3.172454187494254,1.7175458125057455,2,294,1.67,4.89,,,Ruke Orhorhoro,DT,DL,2024,35.0,35.0,0.03228500973635562,746.0,6.1274999999999995,7.64,498.0,-0.06131665970412656,0.08032128514056225,0.007028112449799197,0.08032128514056225,,,,,
57158,5.252187399377105,7.249306399093031,8.949698263303297,10.21891277706599,11.00516338193603,2.895800710448262,1.6241992895517376,1,203,1.52,4.52,,,Ja'Lynn Polk,WR,WR,2024,37.0,37.0,0.16024265161903273,252.0,9.039,9.75,,,,,,195.0,-0.17779003841536403,-0.41831307937196544,,
57159,4.885170358351884,6.284731433220303,7.607842083544701,8.66045109896673,9.104089402814253,3.444737525949858,1.8252624740501417,1,366,1.8,5.27,,,T'Vondre Sweat,NT,DL,2024,38.0,38.0,0.006435965668747379,1078.0,5.89,7.75,496.0,0.06644823274056551,0.07661290322580645,0.006048387096774193,0.0020161290322580645,,,,,
57160,5.213629206775083,6.8523151733034915,8.377642207126367,9.596771541049655,10.218637979755943,3.1085628088729464,1.6714371911270536,2,292,1.68,4.78,,4.37,Braden Fiske,DE,DL,2024,39.0,39.0,0.06534061549741832,1203.0,6.4689999999999985,8.31,791.0,-0.04557794588862557,0.10745891276864729,0.014538558786346398,0.1731984829329962,,,,,
57164,3.567282987912905,7.360897553361152,9.382074380964216,10.541205836472521,11.329740286868745,2.7830202720039097,1.6069797279960898,2,187,1.51,4.39,,,Max Melton,CB,CB,2024,43.0,43.0,0.20714347375283282,988.0,8.44,10.48,,,,,,,,,,
57169,4.928695477198945,6.513211648239387,8.053670287555988,9.291104727204907,9.689569072979925,3.199404339182171,1.8105956608178286,2,306,1.75,5.01,7.62,4.69,Maason Smith,DT,DL,2024,48.0,48.0,-0.03499517332476998,695.0,6.07,7.8,433.0,-0.05233129136240498,0.03695150115473441,0.006928406466512702,0.016166281755196306,,,,,
57171,5.022966439386004,6.957149306248048,8.798746027595831,9.952152733697043,10.749309118408284,2.9529852053939254,1.5170147946060744,1,182,1.51,4.47,6.99,4.01,Mike Sainristil,CB,CB,2024,50.0,50.0,-0.11578073261192046,2001.0,8.39,10.27,,,,,,,,,,
57173,5.317111289059059,7.41507848886619,9.16047390585801,10.456946222200724,11.40053964126447,2.815396824631907,1.5246031753680929,1,205,1.52,4.34,,,Adonai Mitchell,WR,WR,2024,52.0,52.0,0.19513910455546402,514.0,9.423499999999999,10.25,,,,,,426.0,0.1654757489577815,-0.19876467252253716,,
57174,5.33722747596032,7.23866072950398,8.6806745920418,9.856718005513796,10.497757182943058,2.940391037086524,1.7396089629134759,2,250,1.59,4.68,6.82,4.23,Ben Sinnott,TE,TE,2024,53.0,53.0,0.38287613186600744,216.0,8.1525,8.67,,,,,,142.0,-0.07597538483117963,0.22602303839216042,,
57176,4.867555496443863,6.3560929349513735,7.8183045129924436,8.936622038115372,9.420971507194412,3.3425313712642684,1.7874686287357318,2,331,1.77,5.13,7.65,,Patrick Paul,T,OL,2024,55.0,55.0,-0.04837510365097142,1312.0,5.56,7.93,,,,,,,,,733.0,-0.01994454550517296
57177,5.350433567094544,6.994942092773454,8.506421548476446,9.592156141772623,10.276309972195317,3.03818125775569,1.71181874224431,2,267,1.66,4.75,7.02,4.18,Marshawn Kneeland,DE,DL,2024,56.0,56.0,0.1768239171966952,419.0,7.601999999999999,8.72,285.0,0.004593448378005627,0.04912280701754386,0.0035087719298245615,0.8947368421052632,,,,,
57179,5.493943605778652,7.835848624514876,9.836395698991481,10.20345546540317,10.998970772429956,2.848475509635736,1.621524490364264,2,198,1.51,4.47,,,Javon Bullard,SS,S,2024,58.0,58.0,0.6590990695581738,1509.0,7.895999999999999,9.71,,,,,,,,,,
57180,4.458848049754696,5.910586512982666,7.565854307327378,8.688514177344235,9.243462900309042,3.4180552755428986,1.7819447244571016,1,310,1.82,5.2,7.76,4.73,Blake Fisher,T,OL,2024,59.0,59.0,-0.4099549422418223,674.0,4.9670000000000005,6.56,,,,,,,,,278.0,0.013747772916226158
57181,5.216353729834335,7.133141425898366,8.864023966747526,10.242703464544299,10.760764624632804,2.917157070629204,1.5328429293707964,1,206,1.52,4.45,,,Cole Bishop,SS,S,2024,60.0,60.0,-0.06169793042903127,1253.0,8.22,10.09,,,,,,,,,,
57183,5.163589361808093,6.998182350694635,8.30823108729232,9.335757596611936,9.895555555666666,3.1820708565222686,1.7379291434777313,1,308,1.73,4.92,,4.6,Roger Rosengarten,T,OL,2024,62.0,62.0,0.34193456195872063,1947.0,5.446999999999998,8.41,,,,,,,,,962.0,0.007823715904739164
57184,5.01444736214592,6.6066837228498345,8.046939997308813,9.143346122769954,9.686513850170403,3.260874983978591,1.7791250160214092,2,326,1.74,5.04,,,Kingsley Suamataia,G,OL,2024,63.0,63.0,0.09431007704738814,1286.0,5.2875,8.64,,,,,,,,,788.0,-0.0006947245080768919
57185,5.472061115649165,7.4604501400067615,9.066922765415121,10.233848072339075,11.043669695708882,2.862185237989597,1.627814762010403,2,186,1.53,4.49,,,Renardo Green,CB,CB,2024,64.0,64.0,0.4077261113338819,1486.0,8.59,10.2,,,,,,,,,,
57189,5.035302027699537,6.508616327278736,7.706583931659569,8.76846062835854,9.244917094120135,3.3841960892880767,1.7658039107119237,2,314,1.74,5.15,,,Caedan Wallace,G,OL,2024,68.0,68.0,0.12812731249863685,137.0,5.083999999999998,6.82,,,,,,,,,57.0,-0.024936797641866845
57191,5.452730784080082,7.342130589531999,8.969603704688607,10.340703928827818,10.917011874197737,2.843367697020046,1.6366323029799543,2,190,1.51,4.48,,,Andru Phillips,CB,CB,2024,70.0,70.0,0.2793035557655754,1343.0,8.466999999999997,10.26,,,,,,,,,,
57194,5.089761641258337,6.698594833200742,8.179190291078829,9.149140371496465,9.753147094690018,3.1853276033651623,1.8446723966348382,2,322,1.75,5.03,7.44,4.61,Cooper Beebe,C,OL,2024,73.0,73.0,0.17423167548717444,1823.0,5.06,7.73,,,,,,,,,1070.0,-0.0071773065342290165
57195,5.230515866755018,7.090621775004903,8.633294917037702,9.817711958527818,10.248628939630095,3.048463187494292,1.671536812505708,2,245,1.65,4.72,,,Bralen Trice,OLB,OLB,2024,74.0,74.0,0.32037591095801776,,,,,,,,,,,,,
57198,4.782234616828683,6.162880828186122,7.52041295484657,8.804469958753618,9.350913043603871,3.392610799054445,1.8173892009455548,2,315,1.78,5.21,,,Delmar Glaze,T,OL,2024,77.0,77.0,-0.14567111512724384,1988.0,4.59,7.53,,,,,,,,,1214.0,0.018294891560701958
57199,5.651147382114829,7.92333427168516,9.261296590269021,10.213088071790633,11.016513515766933,2.7879463792534356,1.6920536207465648,1,188,1.51,4.48,,,Calen Bullock,FS,S,2024,78.0,78.0,0.7556296174138071,1969.0,8.425999999999998,10.55,,,,,,,,,,
57201,5.346114312237729,7.344906258090082,9.249763440698105,10.52005330763948,11.301939909150622,2.812516829196638,1.637483170803362,2,196,1.53,4.45,,,Jermaine Burton,WR,WR,2024,80.0,80.0,0.2049464296240231,96.0,9.6575,10.02,,,,,,85.0,-0.3981872475413146,-0.2662336354177522,,
57202,4.953590647624227,6.546131762512623,8.042585750969613,9.16783098871307,9.548655597940328,3.2627898191355578,1.7672101808644425,1,317,1.75,5.03,,,Christian Haynes,G,OL,2024,81.0,81.0,0.02176860479905507,198.0,5.585499999999992,6.78,,,,,,,,,113.0,-0.020650071272774104
57203,5.436060593881267,7.267577851226697,8.879224834608422,10.059801166036841,10.562893784781203,2.8739693189545483,1.7660306810454514,2,271,1.55,4.64,7.02,4.26,Tip Reiman,TE,TE,2024,82.0,82.0,0.352122526569973,151.0,7.92,9.05,,,,,,110.0,-0.02297642651407618,0.11510249252358101,,
57205,5.189273747474735,7.165171220879815,9.02651018169828,10.323090246035411,11.168888603818194,2.8582544254632065,1.5317455745367932,2,185,1.52,4.39,,,Roman Wilson,WR,WR,2024,84.0,84.0,-0.018413819865152448,155.0,9.248,10.03,,,,,,137.0,0.34195272417466177,0.053464732514794396,,
57207,4.352824391083465,5.874869510373962,7.270120695648917,8.351838518228915,8.900267138386138,3.5670037814849853,1.7829962185150143,2,313,1.86,5.35,7.47,4.4,Dominick Puni,G,OL,2024,86.0,86.0,-0.2658292661836903,2196.0,5.24,7.24,,,,,,,,,1231.0,-0.009358103758055326
57210,5.365912312530298,7.261565248703526,8.850571663624557,10.307767179017532,10.930350934465885,2.8967713111870976,1.5632286888129023,2,202,1.58,4.46,,,Tykee Smith,SS,S,2024,89.0,89.0,0.07577079306147727,1504.0,8.0185,10.06,,,,,,,,,,
57211,4.611824332859303,6.716514145479941,8.877713036846636,10.415933158135646,11.111290690462052,2.79556608834183,1.6444339116581703,2,185,1.54,4.44,,,Elijah Jones,CB,CB,2024,90.0,90.0,-0.3867249086606579,37.0,8.612,9.46,,,,,,,,,,
57213,5.4658314457841435,7.485721757329689,9.070137701044677,10.289508212171912,11.051835735213526,2.8783934333413748,1.591606566658625,2,197,1.53,4.47,6.94,4.18,Jalen McMillan,WR,WR,2024,92.0,92.0,0.3603036662899326,467.0,8.931999999999999,10.0,,,,,,364.0,0.19330933566756595,0.18194090108067992,,
57215,5.071092942269732,6.928387899383732,8.671952371908514,9.894680168191684,10.591480169641365,2.9991687706703387,1.640831229329661,1,252,1.6,4.64,,,Jalyx Hunt,OLB,OLB,2024,94.0,94.0,0.08479678315911077,933.0,7.2139999999999995,9.51,600.0,-0.00467952440263692,0.10166666666666667,0.013333333333333334,0.95,,,,,
57216,4.739191513276089,6.456170363492054,8.11573935643723,9.213820583804353,9.52684204970569,3.234556807371791,1.755443192628209,2,302,1.72,4.99,7.95,4.75,DeWayne Carter,DT,DL,2024,95.0,95.0,-0.11279886991922528,315.0,6.248000000000001,7.87,169.0,0.057176587176464885,0.029585798816568046,0.0,0.023668639053254437,,,,,
57217,5.577244833590666,7.5692127081453515,9.35915012486287,10.63409244635028,11.271907365952261,2.7535809804378726,1.6264190195621273,1,190,1.53,4.38,,,Jarrian Jones,CB,CB,2024,96.0,96.0,0.4053556234434881,1215.0,8.466,10.44,,,,,,,,,,
57218,4.946650865497595,6.474530328018158,7.766950786436882,8.862042085348236,9.041641700654932,3.4076895753921765,1.8523104246078232,2,326,1.78,5.26,,,McKinnley Jackson,DT,DL,2024,97.0,97.0,0.18585365454304092,378.0,6.4115,7.74,214.0,0.08703162751199695,0.0514018691588785,0.004672897196261682,0.0,,,,,
57220,5.198875624686584,6.993203075478977,8.667889811413964,9.873567882215823,10.685614135070987,2.9598352973596675,1.6901647026403328,2,203,1.59,4.65,,,Kamren Kinchens,FS,S,2024,99.0,99.0,-0.020738267141465094,1356.0,8.19,10.31,,,,,,,,,,
57221,4.410479993997223,6.828499122620622,9.0138516100481,10.234691073944546,11.02473149645348,2.882512105282285,1.5774878947177151,2,198,1.52,4.46,6.7,4.02,Luke McCaffrey,WR,WR,2024,100.0,100.0,-0.3041898371322853,345.0,9.122000000000002,9.81,,,,,,261.0,0.20477965100884366,0.21355181645028787,,
57222,5.079824505992342,6.9242498296102495,8.454115874142822,9.737160926671045,10.461762193637362,3.0250634735654867,1.664936526434514,2,245,1.59,4.69,,4.32,Ja'Tavion Sanders,TE,TE,2024,101.0,101.0,0.08338291372696549,541.0,8.19,9.15,,,,,,447.0,-0.013772272093412719,0.6747273800455768,,
57223,5.548777246659289,7.493948151539858,9.197131843197655,10.2862438639894,11.378441349331908,2.8318396211573043,1.5781603788426959,1,176,1.61,4.41,6.9,4.31,Troy Franklin,WR,WR,2024,102.0,102.0,0.3249048482211929,742.0,9.44,10.51,,,,,,647.0,0.23723649438489017,-0.007744718915502754,,
57225,4.8670902325505905,7.076506468471094,9.191133604499743,10.477128324031927,11.195313780336402,2.7426840590048234,1.6673159409951768,2,197,1.52,4.41,,,Dadrion Taylor-Demerson,FS,S,2024,104.0,104.0,-0.15451249059769356,710.0,8.251,10.16,,,,,,,,,,
57226,5.029251343864097,6.73201843045765,8.031602411764823,8.861424797404974,9.29383240514272,3.3309030181181285,1.8490969818818712,2,297,1.8,5.18,,,Justin Eboigbe,DE,DL,2024,105.0,105.0,0.3602921095940399,433.0,6.564,8.32,253.0,0.031126381686995427,0.07114624505928854,0.023715415019762844,0.22529644268774704,,,,,
57228,5.180386856406551,6.9742277407689635,8.708202996492437,10.214530432217636,10.874187615945214,2.9004806939423973,1.669519306057603,2,259,1.55,4.57,7.15,4.19,Theo Johnson,TE,TE,2024,107.0,107.0,-0.04565135617057425,778.0,8.1515,9.4,,,,,,604.0,-0.14991053183797168,0.23879953571474796,,
57230,5.26769956713931,6.934090165140683,8.363391987657907,9.568834301468797,9.926177774113949,3.1042280388149717,1.7457719611850282,2,283,1.68,4.85,7.43,4.85,Brandon Dorlus,DT,DL,2024,109.0,109.0,0.21978404879954017,484.0,6.2785,7.45,342.0,-0.13817973643894269,0.08187134502923976,0.024853801169590642,0.195906432748538,,,,,
57231,5.313702045760008,7.277095855754203,8.984438924811613,10.250339385989715,10.942640430688678,2.8939618692433715,1.6460381307566285,2,202,1.58,4.54,,,Javon Baker,WR,WR,2024,110.0,110.0,0.20257384570650672,40.0,8.3375,8.88,,,,,,30.0,0.20894850038931786,0.1429100284312224,,
57232,5.204942587293582,7.057919850800088,8.60962047277218,10.074393422367395,10.718674624258561,2.9439878683646614,1.6560121316353382,2,200,1.55,4.6,,,Evan Williams,FS,S,2024,111.0,111.0,-0.0012459952470935676,1376.0,7.762499999999999,9.51,,,,,,,,,,
57234,4.985422419131412,7.094386168090132,9.065145745635377,10.587631442297319,11.27542704716544,2.8161698499866064,1.543830150013394,2,193,1.54,4.36,,,Devontez Walker,WR,WR,2024,113.0,113.0,-0.11101147879428908,80.0,9.746,10.16,,,,,,58.0,0.3476635609047707,0.30400477685972316,,
57238,5.1862446395108535,6.8612715455533735,8.13020161261404,9.254227762328624,9.833392761450913,3.200579299073599,1.7394207009264016,2,303,1.69,4.94,7.16,4.28,Tanor Bortolini,C,OL,2024,117.0,117.0,0.22900278063970436,1287.0,5.364000000000001,8.21,,,,,,,,,722.0,0.012877824932206045
57240,5.779129946537013,8.076036277692241,9.155951083836781,8.769166249328475,9.693559380664272,3.321167467857002,1.7588325321429978,2,309,1.71,5.08,7.59,4.45,Mason McCormick,G,OL,2024,119.0,119.0,1.6116206795342842,1967.0,5.18,8.21,,,,,,,,,1084.0,-0.004437401310558287
57244,5.035464101739899,6.870541903142456,8.495986420773999,9.89901218821357,10.473960281583494,2.978626067630586,1.6713739323694146,1,247,1.59,4.65,,4.45,Cade Stover,TE,TE,2024,123.0,123.0,-0.029995739759579365,210.0,7.795999999999998,8.79,,,,,,166.0,-0.13131522318792244,-0.12180188054443282,,
57252,5.272165538936843,7.2374245991574515,8.784699278781076,9.83537183151266,10.381079297760495,2.999764717313175,1.6202352826868254,2,249,1.62,4.62,7.19,,Jared Wiley,TE,TE,2024,131.0,131.0,0.29213391099135233,34.0,8.0595,8.77,,,,,,24.0,0.12399105822751702,-1.5955407557856072,,
57253,5.081011726048944,7.023302749225672,8.861046500040382,10.094704532655005,10.383242795812535,2.9849989338365437,1.6350010661634564,2,210,1.54,4.62,,,Sione Vaki,RB,RB,2024,132.0,132.0,-2.3092638912203256e-14,27.0,7.2139999999999995,7.31,,,,,,,,,,
57256,5.624868756098055,8.033421989034906,10.030005036291442,10.3913909896944,11.143018907089294,2.813346733916238,1.5666532660837618,2,168,1.54,4.38,7.02,4.32,Jacob Cowing,WR,WR,2024,135.0,135.0,0.8425660795767875,65.0,9.26,9.52,,,,,,56.0,-0.25765352350420934,-0.11537899139167453,,
57257,5.26548581071455,7.413504886535749,9.263953804224483,10.628124023359952,11.388547586760836,2.722103186483791,1.6378968135162093,2,190,1.49,4.36,,,Nehemiah Pritchett,CB,CB,2024,136.0,136.0,0.22944179164679923,242.0,8.74,10.96,,,,,,,,,,
57261,5.13722627854229,7.21758380409884,8.996130226265347,10.14913974380477,10.74851335078204,2.9268786050143554,1.5731213949856446,2,202,1.57,4.5,7.12,4.24,Cam Hart,CB,CB,2024,140.0,140.0,0.17496278051950398,1098.0,8.781499999999998,10.52,,,,,,,,,,
57262,4.750108796093112,6.267429884758853,7.637409759053462,8.688118550111152,9.135194862790229,3.432935034894804,1.7670649651051962,2,298,1.77,5.2,7.46,4.82,Sedrick Van Pran-Granger,C,OL,2024,141.0,141.0,-0.05311157046563508,217.0,5.617999999999999,7.72,,,,,,,,,73.0,-0.03032491044400324
57265,5.215871115505703,7.0636800405078475,8.616991863947463,9.693969649779211,10.193110302304557,2.9818006579172804,1.8081993420827196,1,240,1.67,4.79,,,Austin Booker,DE,DL,2024,144.0,144.0,0.2870866886253358,803.0,7.28,8.99,535.0,0.07216500165000313,0.07102803738317758,0.009345794392523364,0.9738317757009346,,,,,
57266,4.880505612661112,6.759071316819056,8.678262438385875,10.22903425441154,10.790513873480972,2.900129586098255,1.5398704139017452,2,179,1.53,4.44,,,Kris Abrams-Draine,CB,CB,2024,145.0,145.0,-0.34416773732154304,333.0,8.669999999999998,10.85,,,,,,,,,,
57270,5.7631766350255225,7.429681336010871,8.836798213309287,10.254004282739306,11.081196838728289,2.887957441711951,1.6220425582880487,2,190,1.55,4.51,7.01,4.15,Josh Newton,CB,CB,2024,149.0,149.0,0.39716331752507905,777.0,8.28,9.92,,,,,,,,,,
57272,4.973285217198532,7.203173462379975,9.19263882362768,10.218068724513742,11.143685072035307,2.8418855713966917,1.6581144286033083,2,227,1.54,4.5,,,Jaylon Carlies,MLB,LB,2024,151.0,151.0,3.108624468950438e-14,244.0,7.557499999999999,10.54,,,,,,,,,,
57274,5.263807956591778,7.120823585151658,8.929943837370892,10.444081262807188,11.381408391323475,2.830572383908281,1.549427616091719,2,183,1.47,4.38,,,Deantre Prince,CB,CB,2024,153.0,153.0,-0.04303349955020508,101.0,8.86,10.27,,,,,,,,,,
57277,5.027496630314489,7.181236233022553,9.000056989894956,10.17936687279246,10.85200777210735,2.91662777697368,1.5433722230263198,2,188,1.54,4.46,7.16,,Jamari Thrash,WR,WR,2024,156.0,156.0,0.04854727326964614,224.0,8.627,9.5,,,,,,192.0,-0.18604164738739556,0.055997746584213255,,
57278,3.8916170628308624,6.613413468685126,8.823594402217326,9.994305687856013,10.530604263299967,2.958481064902001,1.581518935097999,2,184,1.55,4.54,7.05,4.32,Chau Smith-Wade,CB,CB,2024,157.0,157.0,-0.38879553452003446,925.0,8.241999999999999,9.8,,,,,,,,,,
57279,4.6985340539736,6.740073526395671,8.671471842950906,9.972995254143047,10.55236760201156,2.9152890926175963,1.654710907382404,2,248,1.58,4.57,,,Mohamed Kamara,OLB,OLB,2024,158.0,158.0,-0.16769468548446742,31.0,6.965,8.02,16.0,-0.0220646909966734,0.25,0.0,1.0,,,,,
57282,5.435493586852961,7.2541000955703785,8.878882332787867,10.152060890055381,10.996362010989241,2.8858258212621495,1.62417417873785,2,215,1.55,4.51,6.83,4.14,Dominique Hampton,SS,S,2024,161.0,161.0,0.11353014335506728,,,,,,,,,,,,,
57283,4.545170441614726,6.149544707865386,7.731823992016644,9.054605013796895,9.701445061830128,3.287458212580388,1.7525417874196123,2,305,1.78,5.04,8.09,4.78,Christian Jones,T,OL,2024,162.0,162.0,-0.36282893793705995,74.0,5.494,6.36,,,,,,,,,38.0,-0.04062667101358824
57284,5.352705355361138,6.864334063647709,8.085196972391426,8.971217472680685,9.463542567372322,3.2808629855193283,1.8091370144806718,2,308,1.66,5.09,,,Jacob Monk,C,OL,2024,163.0,163.0,0.41190797740087426,57.0,5.429999999999999,7.06,,,,,,,,,22.0,-0.017199006025297035
57285,5.2313964350515585,7.0230434562416075,8.863966875268373,10.394330006031684,10.858461063084416,2.889961599088238,1.5600384009117618,2,179,1.51,4.45,,,Jaylin Simpson,FS,S,2024,164.0,164.0,-0.17179590008578938,62.0,8.465499999999999,9.27,,,,,,,,,,
57289,5.252154655928173,6.943301144477451,8.547620189290168,9.691683446540353,10.304945894505025,3.0095409716801838,1.710459028319816,2,246,1.66,4.72,,,Javon Solomon,DE,DL,2024,168.0,168.0,0.09403935113000816,329.0,7.265999999999995,8.58,211.0,-0.017567611505321497,0.11374407582938388,0.014218009478672985,0.7772511848341233,,,,,
57291,5.061743503954769,6.997241576439169,8.924775100266745,10.537854291055858,11.071118698955859,2.8488094907953565,1.5811905092046432,2,212,1.55,4.43,,,Bub Means,WR,WR,2024,170.0,170.0,-0.15725998945319297,90.0,9.327,10.04,,,,,,72.0,-0.019128936423954614,-0.2668314531724536,,
57293,4.134421974020243,5.936325800633359,7.474914291374228,8.613350494075936,9.14419094745265,3.4306003754251675,1.8093996245748327,2,310,1.78,5.24,,,Trevor Keegan,G,OL,2024,172.0,172.0,-0.3362576069466394,41.0,5.62,5.81,,,,,,,,,21.0,0.008355793639873224
57298,5.048245057787346,6.706737427875282,7.975795101936964,9.093603280601975,9.604953760229662,3.277568310961043,1.7724316890389569,2,281,1.77,5.05,7.16,4.37,Logan Lee,DT,DL,2024,178.0,178.0,0.20005543000537163,47.0,6.637,7.41,21.0,0.03295541352331343,0.09523809523809523,0.0,0.19047619047619047,,,,,
57300,5.267526443983374,7.169525117219155,8.938368183165306,10.40792355017809,10.999630635832613,2.8761931128233327,1.583806887176667,2,190,1.55,4.46,,,Marcellas Dial,CB,CB,2024,180.0,180.0,0.08649207326564401,60.0,8.510499999999999,9.45,,,,,,,,,,
57302,4.9834633249066895,7.026669056686178,8.94471297340392,10.23837886710304,11.077708864444755,2.882580179499347,1.5374198205006533,2,188,1.55,4.42,,,Jha'Quan Jackson,WR,WR,2024,182.0,182.0,-0.1351033779193358,16.0,9.495,9.9,,,,,,13.0,-0.05455875276789168,0.05367153707116801,,
57304,5.218998108477569,7.29139479743397,9.093675462560604,10.387875380589232,10.958023565885238,2.881337492578963,1.5886625074210365,2,191,1.53,4.47,,,Malik Washington,WR,WR,2024,184.0,184.0,0.1659767063942139,596.0,8.594999999999999,9.63,,,,,,496.0,0.3398562478945205,0.18695122608195675,,
57305,5.056916555306129,7.066751518660413,8.85952498693134,10.230644495510976,10.840555687851243,2.911946844532123,1.6080531554678765,2,231,1.55,4.52,,4.11,Johnny Wilson,WR,WR,2024,185.0,185.0,-0.0223122288135853,155.0,8.863,9.85,,,,,,120.0,-0.3765498590304453,-0.4325412459200044,,
57309,5.577694473098795,7.203423591841174,8.402234633198967,9.521221836848996,9.871888644517007,3.0543283546010747,1.795671645398925,1,284,1.64,4.85,,,Mekhi Wingo,DT,DL,2024,189.0,189.0,0.4891174755000316,233.0,6.397999999999996,8.06,132.0,-0.016096218138646933,0.06818181818181818,0.0,0.09090909090909091,,,,,
57310,4.952434589360941,6.614910168948393,7.983106311374673,8.988003141557304,9.460885943959557,3.2952851350351455,1.804714864964854,2,299,1.75,5.1,7.26,4.33,Dylan McMahon,C,OL,2024,190.0,190.0,0.17447359461268075,66.0,5.845,7.18,,,,,,,,,44.0,0.03311203406143171
57312,4.928389346684323,7.093353172953428,8.904385370154818,10.29267755539296,11.07918869112293,2.8583541661030414,1.5616458338969585,2,175,1.5,4.42,,,D.J. James,CB,CB,2024,192.0,192.0,-0.030091891374259383,2.0,7.867,8.01,,,,,,,,,,
57314,5.044851336582136,6.93058957880093,8.714618836591587,10.070929653633215,10.744772344336228,2.9069076604219912,1.703092339578009,2,244,1.58,4.61,,,Tanner McLachlan,TE,TE,2024,194.0,194.0,-0.02961879111985599,1.0,7.45,7.45,,,,,,1.0,-0.3008325929453113,,,
57315,5.161957460310112,7.11600594534037,8.85346377900548,10.310107236766328,10.942103028005507,2.8923956608994095,1.6376043391005908,1,208,1.55,4.53,6.82,4.13,Ryan Watts,SS,S,2024,195.0,195.0,-0.006474205504245489,,,,,,,,,,,,,
57317,4.850554798973208,6.477034898335814,7.954480678481031,9.003913789839764,9.487605364006342,3.2309309782097504,1.9090690217902493,2,314,1.82,5.14,,4.92,Zion Logue,DT,DL,2024,197.0,197.0,0.0637837537779582,95.0,5.963,6.44,58.0,0.05942692443717665,0.017241379310344827,0.008620689655172414,0.017241379310344827,,,,,
57330,4.890381379909606,6.459689453755974,7.914439731035172,8.910961258662365,9.317975657145674,3.353918747356105,1.776081252643895,2,314,1.74,5.13,7.81,4.53,Christian Mahogany,G,OL,2024,210.0,210.0,0.055221415153629216,774.0,5.250499999999997,7.31,,,,,,,,,424.0,0.0031673081625599245
57334,5.539246733321331,7.298659299425314,8.781173453120978,9.981328753872987,10.37630933759472,2.955999608753515,1.674000391246485,2,260,1.61,4.63,,,Cedric Johnson,DE,DL,2024,214.0,214.0,0.35596665276581607,290.0,7.15,8.69,216.0,-0.015357131304870706,0.125,0.013888888888888888,0.8796296296296297,,,,,
57335,4.178597459076386,6.107777150119789,7.7365752039812605,8.983252663415781,9.652237642022095,3.282530147401837,1.7374698525981627,2,306,1.73,5.02,7.53,4.47,Jarrett Kingston,T,OL,2024,215.0,215.0,-0.4285755195049026,33.0,4.6899999999999995,5.52,,,,,,,,,7.0,0.0581805519023017
57336,4.390009818659468,6.688940124722476,8.807385455983171,10.303914427033854,11.081940857308638,2.8745862273051213,1.5654137726948791,1,202,1.53,4.44,,,Ryan Flournoy,WR,WR,2024,216.0,216.0,-0.4582905724567343,363.0,8.732999999999999,9.49,,,,,,322.0,-0.047729791627787836,-0.058701103093021186,,
57339,4.517782178361756,6.836343369344982,9.199369015758089,10.620004520242265,11.328335318193293,2.795754935400923,1.5842450645990769,1,179,1.5,4.38,,,Daequan Hardy,CB,CB,2024,219.0,219.0,-0.327513715356881,,,,,,,,,,,,,
57345,4.964434621075745,6.89220293608499,8.716396471747087,10.276011399148999,11.250497867585542,2.86972351960092,1.6302764803990801,2,208,1.55,4.5,,,Brenden Rice,WR,WR,2024,225.0,225.0,-0.21140254881531106,2.0,7.8245000000000005,7.86,,,,,,2.0,-1.5459463652246153,,,
57347,4.753444467832242,6.900784806942948,8.90642194734472,10.127107777198475,10.838024364258075,2.9081413093386628,1.5918586906613374,2,195,1.62,4.5,6.88,3.98,Myles Harden,CB,CB,2024,227.0,227.0,-0.14183621663638846,580.0,8.63,10.16,,,,,,,,,,
57349,5.084820567947451,7.180563248102037,9.01993822596987,10.267771458831714,11.148980293142436,2.802331021159218,1.6476689788407823,2,186,1.54,4.45,7.12,4.35,M.J. Devonshire,CB,CB,2024,229.0,229.0,0.08742719905498131,,,,,,,,,,,,,
57351,4.872352765201688,6.892905410199288,8.774590512282128,10.114386720448218,10.634956704119308,2.9624475727813864,1.647552427218614,1,241,1.58,4.61,,,Jaheim Bell,TE,TE,2024,231.0,231.0,-0.06730295972149847,36.0,7.9475,8.52,,,,,,25.0,-1.1375482967884953,-0.8400307748897671,,
57353,4.342590904620133,6.3249464967358655,7.749340791295543,8.807928098130429,9.275131367835922,3.392502926111094,1.7974970738889067,2,332,1.76,5.19,8.01,,Nathan Thomas,T,OL,2024,233.0,233.0,-0.007584470399744525,341.0,4.95,7.43,,,,,,,,,202.0,0.039143147174494575
57355,5.345690170483154,7.422451505503453,9.132581856890354,10.138138590723345,10.836742692832534,2.8912421313452974,1.5787578686547026,2,203,1.53,4.47,,,Devaughn Vele,WR,WR,2024,235.0,235.0,0.297033414463697,549.0,8.732000000000001,9.72,,,,,,440.0,0.1731887336818122,0.2616781449924973,,
57356,4.827969364324149,6.727948035843053,8.539910691875692,9.917582019505147,10.602430305270595,2.9745160394506254,1.6954839605493748,2,278,1.65,4.67,,,Myles Cole,DE,DL,2024,236.0,236.0,-0.173219787122199,135.0,7.002999999999999,8.37,82.0,0.14906673167655093,0.0,0.0,0.9512195121951219,,,,,
57357,4.644663761115662,6.345368046197725,8.01426708132598,9.189164930430259,9.772351259936073,3.2125153617828643,1.817484638217136,2,301,1.76,5.03,,,Matt Lee,C,OL,2024,237.0,237.0,-0.17899511151584235,27.0,3.9259999999999997,4.74,,,,,,,,,,
57362,4.845377341324053,6.766644722769666,8.61733472151711,9.876445495798627,10.448505502729185,2.995443060145564,1.6545569398544362,2,231,1.59,4.65,,,James Williams,ILB,LB,2024,242.0,242.0,3.375077994860476e-14,190.0,8.204999999999998,9.82,,,,,,,,,,
57366,5.368842770937219,7.113822503066029,8.560884036479234,10.258978703164203,11.045452393986197,2.904612236313541,1.5653877636864588,1,231,1.55,4.47,,,Devin Culp,TE,TE,2024,246.0,246.0,-0.055233411420387846,50.0,8.411999999999999,9.21,,,,,,46.0,-0.3352677959200872,-0.1401788678220505,,
57367,4.633602286664475,6.220334755286771,7.800905500698004,9.001271364128563,9.501589433414905,3.306417229849414,1.7535827701505855,2,286,1.77,5.06,,,Marcus Harris,DT,DL,2024,247.0,247.0,-0.275966036659578,,,,,,,,,,,,,
57368,4.654653600618243,6.198976497367468,7.705620667518577,9.067002063554256,9.753824311917962,3.2762048978762235,1.7237951021237765,2,300,1.76,5.0,,,C.J. Hanson,G,OL,2024,248.0,248.0,-0.361355196079467,32.0,4.7465,5.19,,,,,,,,,22.0,0.14702952872530514
57373,5.315473273890268,7.3251516474613965,9.093312565888478,10.309334350589525,11.067325879675828,2.8734194388440892,1.5665805611559112,1,212,1.55,4.44,,,Cornelius Johnson,WR,WR,2024,253.0,253.0,0.17792095028218657,,,,,,,,,,,,,
57374,4.755990094905237,6.406338142509428,7.70433089623466,8.640839060912766,8.829719375837866,3.499695004217532,1.880304995782468,2,326,1.85,5.38,,4.89,K.T. Leveston,T,OL,2024,254.0,254.0,0.3016079016851432,652.0,5.48,7.21,,,,,,,,,387.0,0.038789894949309726
57375,4.91045702255661,6.676514658527204,8.355833706475465,9.951492883525322,10.514713642740494,3.018601576398916,1.5913984236010843,2,191,1.54,4.61,,4.16,Kalen King,CB,CB,2024,255.0,255.0,-0.2549733090231481,,,,,,,,,,,,,
57376,4.419590825836188,5.768936620909882,7.324750910153599,8.661226691963243,9.158309297204733,3.4555447482051553,1.7944552517948444,2,318,1.78,5.25,7.33,,Nick Gargiulo,G,OL,2024,256.0,256.0,-0.49165727475899423,,,,,,,,,,,,,
57377,5.618138099963555,7.612131220032473,9.093021777865907,9.793708875707832,10.344605976913265,2.970659514888748,1.6293404851112518,2,208,1.59,4.6,,,Jaylen Key,FS,S,2024,257.0,257.0,0.5529653739852911,,,,,,,,,,,,,
57406,4.72968136872057,6.299960334566871,7.84802914864108,9.145002504054299,9.742627670367852,3.2606052487362733,1.7493947512637265,2,308,1.72,5.01,,,Gottlieb Ayedze,T,OL,2024,,262.0,-0.24838184696894317,,,,,,,,,,,,,
57409,4.841869939367003,6.4994058092397085,7.933999672354213,9.098687338549968,9.795733446373536,3.2082324986955184,1.8217675013044818,2,291,1.72,5.03,7.65,4.67,Gabe Hall,DT,DL,2024,,262.0,-0.028038600477325204,13.0,6.744,6.81,6.0,0.012001224009539402,0.0,0.0,0.0,,,,,
57411,5.302746543554877,7.140125107086313,8.795977851868205,10.086308349151603,10.752121402240729,2.929059404813617,1.660940595186383,2,191,1.55,4.59,,,Andre' Sam,FS,S,2024,,262.0,0.07191436035378462,3.0,6.6979999999999995,6.89,,,,,,,,,,
57428,4.6661100976875325,6.2134314317243025,7.471429954541334,8.562487384435379,9.0416666665,3.495661418824433,1.8143385811755666,2,304,1.8,5.31,7.57,4.47,Brady Latham,G,OL,2024,,262.0,0.02477460752216043,,,,,,,,,,,,,
57434,5.053919411713192,6.5449518267154385,7.858246157807246,8.867936470780133,9.40289665655119,3.3574726442732628,1.7625273557267374,2,303,1.76,5.12,7.81,,Leonard Taylor,DT,DL,2024,,262.0,0.11093827031045933,360.0,6.6205,7.72,211.0,0.04476166683847476,0.052132701421800945,0.0071090047393364926,0.018957345971563982,,,,,
57436,5.711966298777553,7.371587041180954,8.84528423565266,9.848040905088723,10.7324974259394,2.954813915451303,1.715186084548697,2,274,1.65,4.67,7.59,4.73,Eric Watts,DE,DL,2024,,262.0,0.4704192182157021,334.0,7.6894999999999945,8.97,225.0,0.10007937980817574,0.035555555555555556,0.0,0.9688888888888889,,,,,
57444,4.68758454642899,6.216524971914138,7.606795103926984,8.65785288201647,9.12361218872838,3.4194793598015067,1.800520640198493,2,311,1.77,5.22,7.76,4.85,Garret Greenfield,T,OL,2024,,262.0,-0.08003745948810526,,,,,,,,,,,,,
57565,5.348144022757097,7.39085675425032,8.925029191689047,9.948888274548704,10.459999963193827,2.9914015950334543,1.6385984049665454,2,182,1.59,4.63,6.75,,Isaiah Williams,WR,WR,2024,,262.0,0.3817725626209878,221.0,8.61,9.43,,,,,,176.0,-0.1420243133880376,-0.08494446919671703,,
57577,4.7809429982558065,6.508066230181913,7.88921624143258,8.812409916747868,9.25147248881547,3.3139715567732484,1.836028443226752,2,296,1.78,5.15,,,Keith Randolph,DT,DL,2024,,262.0,0.10519629154761923,,,,,,,,,,,,,
57581,4.669781882775001,6.110795530680519,7.4387068487848325,8.547730422285781,8.95148551352549,3.4751718904619775,1.9048281095380226,2,321,1.9,5.38,7.95,4.9,Keaton Bills,G,OL,2024,,262.0,0.006065289856233669,,,,,,,,,,,,,
57598,5.177128521912345,7.014380109255821,8.691892663672792,9.898733232754092,10.47953852717064,2.958179549758899,1.6818204502411007,2,205,1.55,4.64,,,Isaiah Johnson,CB,CB,2024,,262.0,0.11320115698609978,3.0,6.405999999999999,7.01,,,,,,,,,,
57599,4.427515044066805,5.894641569228737,7.497083207914754,8.788476144968943,9.360035278539309,3.389110962470399,1.8208890375296007,2,316,1.87,5.21,8.19,,Matthew Jones,G,OL,2024,,262.0,-0.4139103740846286,,,,,,,,,,,,,
57606,4.999424193037906,6.957580500695652,8.688012969394684,9.978143311192479,10.703507629235279,2.966442776896768,1.6035572231032322,1,208,1.52,4.57,,,Jalen Coker,WR,WR,2024,,262.0,-0.09512890321258816,560.0,8.780499999999998,10.34,,,,,,465.0,-0.06515910537015414,-0.3331746352713838,,
57637,4.961172063374803,6.6213926198101944,8.005909052370294,8.871397415052773,9.155996375028444,3.359348984142038,1.840651015857962,2,309,1.82,5.2,,4.81,Myles Murphy,DT,DL,2024,,262.0,0.2704287107937082,,,,,,,,,,,,,
57649,5.028917217077692,6.83842656141908,8.54205081748754,9.649111409942012,10.313401182231814,3.0470132451049357,1.722986754895064,2,260,1.67,4.77,7.38,,Brevyn Spann-Ford,TE,TE,2024,,262.0,0.11690109957329753,184.0,8.0085,9.04,,,,,,168.0,-0.40940195815304337,0.021086530056181954,,
57654,4.504365475635536,6.013049227439652,7.415502712469584,8.50126728633787,8.976926764479414,3.4769031688211958,1.8830968311788046,2,315,1.85,5.36,7.95,4.93,Andrew Coker,T,OL,2024,,262.0,-0.11566003720687767,,,,,,,,,,,,,
57660,5.100207348091075,7.089132100663166,8.967781574687937,10.446622744342172,11.143333329386458,2.8500610778241793,1.5799389221758202,2,181,1.55,4.43,7.0,4.35,Lideatrick Griffin,WR,WR,2024,,262.0,-0.06536946522919607,,,,,,,,,,,,,
57678,5.3527015637578526,7.293724251086294,8.896331017731974,10.023669899641748,10.643698943624567,2.867039768272021,1.682960231727979,2,199,1.54,4.55,,,Josh Proctor,DB,CB,2024,,262.0,0.30161825297467715,,,,,,,,,,,,,
57687,4.7761127307987845,6.512728187979851,7.996834990040535,9.217070469224598,9.922295438572654,3.2215923335684566,1.7184076664315437,2,313,1.69,4.94,7.39,4.73,Frank Crum,T,OL,2024,,262.0,-0.11954057693381781,73.0,5.519999999999995,6.94,,,,,,,,,10.0,-0.09611750256546492
57721,5.476876445333737,7.206873795229688,8.654334842568137,9.951799802715824,10.740975670809485,2.922214633383572,1.6777853666164275,2,210,1.54,4.6,,,Demani Richardson,FS,S,2024,,262.0,0.1477079491825064,430.0,7.9955,10.22,,,,,,,,,,
57738,5.379591416845509,7.2449610808741305,8.960080750553491,10.429744663260681,11.071434151370514,2.860369677233849,1.5596303227661508,2,191,1.55,4.42,,,Millard Bradford,FS,S,2024,,262.0,0.022987022490690734,,,,,,,,,,,,,
57741,5.038512502613855,6.794449191741965,8.556790737225409,9.718848376697878,10.491424813358865,2.9939895361090443,1.7860104638909557,2,241,1.66,4.78,6.83,4.21,Dallin Holker,TE,TE,2024,,262.0,0.08784141165087078,31.0,8.33,8.49,,,,,,25.0,-0.7031437573923585,-0.7245018779148601,,
57743,5.052286231246022,6.912296258543325,8.491548534807766,9.920248581403886,10.633373652989242,2.987437059267662,1.7025629407323388,2,266,1.66,4.69,,,Trajan Jeffcoat,DE,DL,2024,,262.0,0.03189084742519732,,,,,,,,,,,,,
57796,4.748574038486138,6.337001343816674,7.7235595439122715,8.785118651063064,9.153605329849983,3.421201700151537,1.7887982998484628,2,306,1.76,5.21,7.83,4.7,Karsen Barnhart,T,OL,2024,,262.0,0.02844940050330802,,,,,,,,,,,,,
57863,5.060937012782926,6.543004555518532,7.7362581286857175,8.776922475491874,9.345206632317375,3.30248005110186,1.9275199488981403,2,298,1.83,5.23,7.33,4.5,Drake Nugent,C,OL,2024,,262.0,0.2584316360274119,,,,,,,,,,,,,
57877,4.45054669133684,6.707463446667282,8.818916377241193,10.38344349248415,10.97092846193668,2.8310610043746696,1.6389389956253302,1,185,1.5,4.47,,,Dwight McGlothern,CB,CB,2024,,262.0,-0.3654665921926865,50.0,7.611499999999999,8.1,,,,,,,,,,
58206,4.718592627326029,6.343486898232465,7.907734301324977,9.265872939627407,9.787153121697095,3.2250279594410296,1.754972040558971,2,319,1.76,4.98,,,Will Campbell,T,OL,2025,4.0,4.0,-0.24082381903671468,782.0,4.88,8.21,,,,,,,,,444.0,0.018660716266262884
58209,4.746256171161734,6.468374496879815,8.15197444080498,9.420850733589063,9.905078037666923,3.177257491597437,1.7327425084025632,1,332,1.74,4.91,,,Armand Membou,T,OL,2025,7.0,7.0,-0.1998628037672212,1044.0,4.696999999999998,7.36,,,,,,,,,607.0,-0.002241898982306022
58211,5.08189254479762,6.546168435492373,7.806354563209298,8.89626410071211,9.641859535461638,3.289488301566122,1.8705116984338783,2,315,1.79,5.16,7.81,4.66,Kelvin Banks,T,OL,2025,9.0,9.0,0.17766893262339511,1066.0,4.8975,7.87,,,,,,,,,632.0,0.0021600248243712917
58214,4.411901760533916,5.963511517296091,7.431136885713853,8.575147287479698,9.325176750161834,3.4369469985252428,1.9430530014747573,2,321,1.96,5.38,7.96,4.84,Tyler Booker,G,OL,2025,12.0,12.0,-0.1412187235281941,1002.0,5.148999999999999,7.66,,,,,,,,,573.0,-0.014393248014986067
58229,4.994211310521652,6.833727271793668,8.70716430157752,10.182896165294828,11.177215240794055,2.8904576463246126,1.6095423536753874,2,197,1.51,4.5,7.26,4.45,Malaki Starks,FS,S,2025,27.0,27.0,-0.3158875811069901,1065.0,8.115999999999998,10.1,,,,,,,,,,
58231,4.929790391694915,6.6121460170646325,8.055418806198983,8.939407905856813,9.210548388566078,3.2993023103799155,1.7506976896200845,2,311,1.71,5.05,,,Josh Conerly,T,OL,2025,29.0,29.0,0.11176188317330826,1054.0,4.920499999999998,7.37,,,,,,,,,567.0,0.0020217940226883147
58232,5.332922640970257,7.334911108176319,9.322022733015828,10.831620790691334,11.772399127155756,2.7330864624683135,1.546913537531687,2,183,1.5,4.28,,,Maxwell Hairston,CB,CB,2025,30.0,30.0,0.07002397253901727,348.0,8.7965,10.87,,,,,,,,,,
58239,5.08828133342219,6.86055201016802,8.702072597631348,10.108083924887389,10.803837844879311,2.937518546370507,1.5324814536294928,2,214,1.53,4.47,,,Jayden Higgins,WR,WR,2025,34.0,34.0,-0.2648660808717356,360.0,8.921,9.76,,,,,,314.0,-0.036210132033382275,-0.1797819867118281,,
58242,4.764248559119835,6.40563003366495,8.020592041472284,9.274727045600969,9.766691544669985,3.225777305677666,1.7242226943223338,2,324,1.72,4.95,,4.66,Jonah Savaiinaea,G,OL,2025,37.0,37.0,-0.21464921933759662,982.0,5.3,7.36,,,,,,,,,528.0,0.012052913054146793
58244,4.7770258920554465,6.681409365925054,8.722567590564765,10.226666133488802,11.146358178690445,2.8865934758696676,1.5234065241303325,1,206,1.54,4.41,,,Luther Burden,WR,WR,2025,39.0,39.0,-0.4876339373936105,238.0,9.147499999999999,9.91,,,,,,205.0,0.1913324765457233,-0.11177412310585277,,
58251,4.864263695362332,6.7337315516750795,8.609789431879298,9.850679558454026,10.630616368170873,3.004648664694163,1.625351335305837,2,247,1.55,4.63,,,Terrance Ferguson,TE,TE,2025,46.0,46.0,-0.19664145473633177,168.0,8.843,9.88,,,,,,153.0,-0.12702711626885882,-0.4750516102940115,,
58253,4.689632876812192,6.253678548232447,7.752742337137995,9.017558847119382,9.633684435306268,3.297126111728974,1.7128738882710257,2,331,1.75,5.01,7.81,4.82,Aireontae Ersery,T,OL,2025,48.0,48.0,-0.294663633303367,1082.0,4.708000000000002,7.08,,,,,,,,,614.0,-0.009028468020419013
58259,4.890761420798177,6.373497511205429,7.73084182247959,8.696337554507952,9.090437401448177,3.4388701117115787,1.821129888288421,2,335,1.82,5.26,7.77,,Anthony Belton,T,OL,2025,54.0,54.0,0.12489312744767478,486.0,5.3025,6.97,,,,,,,,,240.0,0.03198610381291616
58261,4.5089368262176315,6.129912335100807,7.658334513152135,8.706420943300344,9.090379099875818,3.4364312638275942,1.7735687361724055,2,316,1.77,5.21,7.71,4.7,Ozzy Trapilo,T,OL,2025,56.0,56.0,-0.17863960821255898,490.0,4.935499999999999,6.06,,,,,,,,,254.0,-0.023419550394458824
58262,4.633177707783915,6.280761412641778,7.9502783158465125,9.189347764953393,9.711495229293531,3.2492925861903985,1.7207074138096012,1,308,1.72,4.97,7.38,,Tate Ratledge,G,OL,2025,57.0,57.0,-0.3155388165385258,1088.0,4.97,6.6,,,,,,,,,617.0,-0.025756883114275212
58266,5.395386681251603,7.240374093055815,8.947873858818326,10.234910639362637,11.116487016284289,2.85857008452267,1.57142991547733,2,195,1.6,4.43,,,Trey Amos,CB,CB,2025,61.0,61.0,0.1270320338216706,511.0,8.51,9.7,,,,,,,,,,
58270,4.671389249058765,6.33855115359756,7.915551947237982,9.088852318290378,9.760685324030703,3.2604034788848204,1.6895965211151798,2,305,1.72,4.95,7.6,4.79,Darius Alexander,DT,DL,2025,65.0,65.0,-0.27194290350796635,394.0,6.320999999999998,8.1,246.0,0.025134241001060893,0.06097560975609756,0.014227642276422764,0.06504065040650407,,,,,
58272,5.070623487981351,6.809952575991892,8.46805570172138,9.681175688672317,10.439663601701099,3.0522932407002856,1.6577067592997143,2,241,1.56,4.71,6.97,4.39,Harold Fannin,TE,TE,2025,67.0,67.0,-0.0010789763820167053,430.0,8.02,9.31,,,,,,363.0,-0.04532992400243249,-0.48121171411012653,,
58273,5.395521560522826,7.299095484512746,9.213085439202235,10.702591266363452,11.633187243182253,2.7608346591025406,1.5391653408974593,2,195,1.49,4.3,6.71,4.04,Darien Porter,CB,CB,2025,68.0,68.0,0.054414359062531226,607.0,8.207999999999998,10.05,,,,,,,,,,
58274,5.191947969085646,7.141571170442646,8.984367897368617,10.288437396616295,11.162593858780241,2.8437174600519803,1.55628253994802,2,190,1.55,4.4,,,Kyle Williams,WR,WR,2025,69.0,69.0,-0.03474300158917032,178.0,9.4275,10.65,,,,,,142.0,0.016115513137769325,0.5906827657418902,,
58275,5.027928707686078,6.889106345325113,8.75756406070876,10.35025680653008,11.193308473781087,2.8637925207252004,1.5662074792747993,2,214,1.51,4.43,6.85,4.05,Isaac TeSlaa,WR,WR,2025,70.0,70.0,-0.26539522056724874,292.0,9.23,10.04,,,,,,255.0,-0.2605570543842879,-0.23797556892960875,,
58277,4.80851040818093,6.67987258288628,8.547516325833033,9.78477573494743,10.430879780087462,3.0350222142852106,1.644977785714789,2,264,1.65,4.68,,,Landon Jackson,DE,DL,2025,72.0,72.0,-0.21091403415540988,30.0,7.4525,7.79,23.0,-0.007007554001064337,0.0,0.0,0.9565217391304348,,,,,
58279,4.94773931554819,6.787224349813988,8.644843131955056,10.038765529007442,10.640292318787024,2.9674165982090774,1.6425834017909229,2,204,1.56,4.61,,,Pat Bryant,WR,WR,2025,74.0,74.0,-0.2364015792416474,301.0,8.93,9.88,,,,,,257.0,0.1100321364420655,-0.6532293952159492,,
58282,4.881226088910289,6.591529399258002,8.327263090347035,9.734430346157653,10.194450612039521,3.0793112211448515,1.6406887788551485,2,244,1.62,4.72,7.33,4.46,Princely Umanmielen,OLB,OLB,2025,77.0,77.0,-0.17871646478888348,222.0,7.0489999999999995,8.55,156.0,-0.0036886170640658164,0.05128205128205128,0.009615384615384616,1.0,,,,,
58283,4.67126919035346,6.541358455455683,8.344822896646335,9.838096705146045,10.650695075830992,2.995254116885053,1.674745883114947,2,279,1.66,4.67,,,Jordan Burch,OLB,OLB,2025,78.0,78.0,-0.2747281912022874,504.0,6.399499999999998,8.07,338.0,0.07763154257358952,0.05917159763313609,0.0029585798816568047,0.9674556213017751,,,,,
58284,5.206369914250024,7.139988076784527,8.96260862747091,10.407475208304568,11.279192367841317,2.83837418146798,1.5516258185320195,2,194,1.51,4.39,6.82,4.17,Jaylin Noel,WR,WR,2025,79.0,79.0,-0.04359696396044033,201.0,8.92,10.17,,,,,,173.0,0.14165788200839247,0.032439378459196505,,
58290,4.882643193668057,6.7238404447323195,8.607036113986858,10.133447069178983,11.040433022115637,2.9094672296131736,1.5905327703868264,2,199,1.54,4.5,,,Nohl Williams,CB,CB,2025,85.0,85.0,-0.3187805788470168,457.0,8.412,10.14,,,,,,,,,,
58293,5.2899226797412755,7.219878820208176,9.155004628835508,10.546644586678692,11.11327995091946,2.830559732086769,1.499440267913231,2,197,1.52,4.33,,,Caleb Ransaw,FS,S,2025,88.0,88.0,-0.08349934434339357,,,,,,,,,,,,,
58294,4.442041677092389,6.028050096416944,7.642396154699962,8.761017034903457,9.221936062038445,3.409699506532824,1.8603004934671756,2,313,1.84,5.27,,4.69,Wyatt Milum,G,OL,2025,89.0,89.0,-0.20856477542968754,96.0,4.76,6.46,,,,,,,,,22.0,0.09030280112185343
58298,4.890463029220717,6.781710054371456,8.700604192257694,10.271173987405513,11.126068390216151,2.8914305589870315,1.588569441012969,2,206,1.51,4.48,,,Jonas Sanker,SS,S,2025,93.0,93.0,-0.38599459989989704,977.0,8.55,12.83,,,,,,,,,,
58300,4.940108823979166,6.575298924330321,8.182378452151934,9.498902513219676,10.156369979229648,3.1317587751107347,1.708241224889265,2,310,1.72,4.84,,4.56,Jared Wilson,G,OL,2025,95.0,95.0,-0.17686495969457283,784.0,5.286999999999998,7.47,,,,,,,,,458.0,0.018415138908812988
58302,5.097776397005564,6.973054587216804,8.918319591107192,10.59994187976612,11.503299997152249,2.798275876495043,1.651724123504957,2,187,1.6,4.45,,,Jaylin Smith,CB,CB,2025,97.0,97.0,-0.12008146183025126,31.0,7.63,8.09,,,,,,,,,,
58303,4.842243898147634,6.381994267298257,7.933223310419921,8.982033271696505,9.567417012723018,3.3009172210199482,1.7990827789800516,2,312,1.78,5.1,7.43,4.49,Caleb Rogers,G,OL,2025,98.0,98.0,-0.05844230703745534,284.0,5.0085,6.59,,,,,,,,,169.0,-0.002568076629527284
58305,5.2189281778318115,7.068363826372357,9.04189600352488,10.331006159965828,11.17877016033702,2.8581471208155844,1.581852879184416,2,181,1.51,4.44,,4.29,Upton Stout,CB,CB,2025,100.0,100.0,-0.034875227768242034,592.0,8.57,9.99,,,,,,,,,,
58307,4.7792512248695775,6.931176601772067,9.044241601036305,10.438141372720466,11.424393314525002,2.8177262821542057,1.5522737178457944,2,183,1.51,4.37,,,Tai Felton,WR,WR,2025,102.0,102.0,-0.26695017639920327,21.0,8.39,8.56,,,,,,20.0,0.09329518933219322,1.0897506092769467,,
58308,5.329920082882609,7.290997019530875,9.171518337067877,10.58329103940688,11.357338894412646,2.8004305980623587,1.5395694019376411,2,196,1.51,4.34,6.82,4.27,Chimere Dike,WR,WR,2025,103.0,103.0,0.07105763522014907,405.0,9.06,9.78,,,,,,337.0,-0.08580313452228303,0.11158730719202715,,
58311,5.09163853681488,6.98047775692127,8.913286818126753,10.271213871086715,11.035215500747245,2.8839335830685404,1.5660664169314598,2,200,1.53,4.45,,,Craig Woodson,SS,S,2025,106.0,106.0,-0.21436159940612676,949.0,7.9579999999999975,9.46,,,,,,,,,,
58313,5.343505696722236,7.245925905537613,9.056515332329615,10.563108252569574,11.524778052963885,2.798705174227363,1.5012948257726366,2,205,1.51,4.3,,,Dont'e Thornton,WR,WR,2025,108.0,108.0,-0.0030969536257181574,247.0,9.264999999999999,9.79,,,,,,192.0,-0.2996898797663074,-0.6226713716866134,,
58315,5.43253789172104,7.332666411088405,9.170063474199033,10.710299945966051,11.43056198631955,2.7787568179374613,1.5812431820625392,2,179,1.51,4.36,6.82,4.19,Arian Smith,WR,WR,2025,110.0,110.0,0.1272687642039836,241.0,9.57,10.12,,,,,,177.0,0.49194940195991177,0.09999556994647414,,
58316,4.895564563206159,6.622650353080937,8.324424417514255,9.43871920780087,10.033555679598107,3.1443140042929603,1.6856859957070396,2,288,1.71,4.83,7.58,4.5,Ty Robinson,DT,DL,2025,111.0,111.0,-0.11241817510732854,104.0,5.759499999999999,7.24,55.0,0.02699492919529944,0.0,0.0,0.09090909090909091,,,,,
58318,4.7508470605419895,6.450267156534114,7.9357064065005805,9.262706094389383,9.853163783502488,3.230059966643427,1.7199400333565733,2,316,1.73,4.95,,,C.J. West,DT,DL,2025,113.0,113.0,-0.16022690057141276,279.0,6.097999999999997,7.69,163.0,-0.005693045001270558,0.049079754601226995,0.006134969325153374,0.0,,,,,
58323,5.276941232331943,7.111026612750958,8.928069744473746,10.39928046951502,11.270232705708553,2.850031257699376,1.569968742300624,2,192,1.52,4.42,,,Billy Bowman,CB,CB,2025,118.0,118.0,-0.012418451576729161,300.0,8.732500000000002,10.29,,,,,,,,,,
58325,4.819706149538003,6.502012265253935,8.153740609884803,9.457667361599263,10.112207763341832,3.139778986100312,1.700221013899688,2,241,1.69,4.84,7.15,4.4,Gunnar Helm,TE,TE,2025,120.0,120.0,-0.11508942430903257,250.0,8.032,8.59,,,,,,197.0,-0.08061504569295383,0.2754435188594038,,
58326,4.767351705068989,6.631653681107255,8.579633046579044,9.903360302976772,10.564044233842857,3.0027310409071486,1.687268959092852,2,263,1.65,4.69,7.15,4.39,David Walker,OLB,OLB,2025,121.0,121.0,-0.16609665250628058,,,,,,,,,,,,,
58329,4.811752193693607,6.598039317448777,8.400974170778122,9.835166567050125,10.55420521343747,3.0278293001127707,1.6521706998872288,2,256,1.65,4.68,7.06,4.36,Barryn Sorrell,DE,DL,2025,124.0,124.0,-0.29274729959291346,178.0,6.215000000000001,7.34,119.0,-0.021395631497100557,0.06722689075630252,0.012605042016806723,0.7815126050420168,,,,,
58330,4.563064940509092,6.272313454960803,8.153391080518688,9.601098178605518,10.370583930637977,3.0885670505745533,1.6414329494254472,2,254,1.63,4.73,,,Kyle Kennard,OLB,OLB,2025,125.0,125.0,-0.4887642525638656,80.0,6.7924999999999995,7.76,49.0,-0.07673314385207636,0.02040816326530612,0.0,1.0,,,,,
58332,4.710834961990993,6.265714830044036,7.74573026264369,8.959879092883073,9.363415893078805,3.3434355566880436,1.7965644433119559,2,339,1.8,5.14,,,Jalen Travis,T,OL,2025,127.0,127.0,-0.12676369664718656,316.0,4.5649999999999995,6.32,,,,,,,,,162.0,0.0024435166052729795
58333,4.695408567528099,6.829063628534897,8.96213323048925,10.46088700584906,11.31823944376016,2.826597092205537,1.5134029077944628,2,191,1.5,4.34,6.75,4.12,Jaylin Lane,WR,WR,2025,128.0,128.0,-0.3908757557758289,199.0,9.117999999999999,9.93,,,,,,155.0,0.32414356810963957,0.20094544671718614,,
58336,4.917743942222605,6.764732708918792,8.596546270056427,10.274092580621298,11.05025178722354,2.8948844310753037,1.5851155689246967,2,194,1.54,4.48,,,Quincy Riley,CB,CB,2025,131.0,131.0,-0.2980943248476322,592.0,8.274499999999998,9.49,,,,,,,,,,
58338,4.851439833689267,6.812825067011289,8.769549023853376,10.352457267186654,10.982243004261386,2.884095397084473,1.5359046029155268,2,205,1.49,4.42,,,Jalen Royals,WR,WR,2025,133.0,133.0,-0.3489473675942243,36.0,8.532499999999999,8.61,,,,,,25.0,0.5460750837769461,0.41499579969099076,,
58341,5.198749385915331,7.046202119800857,8.866892408562748,10.380141100905835,11.110131227151099,2.8655918253026726,1.574408174697328,2,206,1.58,4.44,,,Elic Ayomanor,WR,WR,2025,136.0,136.0,-0.10102857737835258,499.0,8.501999999999999,9.75,,,,,,401.0,-0.05450236636886055,-0.05355898648678932,,
58342,4.687301042163767,6.312261714738439,7.923465641570912,8.9736368978087,9.540863259457183,3.3123610087983226,1.7976389912016777,2,305,1.77,5.11,,,Joshua Farmer,DT,DL,2025,137.0,137.0,-0.13213304759010214,224.0,6.314,7.82,130.0,0.045087894967405284,0.023076923076923078,0.0,0.2153846153846154,,,,,
58343,4.942632701416821,6.787418767265791,8.842018369299058,10.537324801492055,11.472473489749515,2.817874675497082,1.5521253245029178,2,196,1.53,4.37,,,Jordan Watkins,WR,WR,2025,138.0,138.0,-0.4107080109054788,15.0,8.864999999999998,9.04,,,,,,13.0,0.02866476460577168,-1.1592962505294446,,
58344,4.596353730719958,6.377057202806151,8.221232633499698,9.461257510737173,9.965628297412884,3.1604799368609893,1.699520063139011,2,276,1.69,4.86,7.28,4.34,Tyrion Ingram-Dawkins,DE,DL,2025,139.0,139.0,-0.326867707611429,249.0,5.752,7.0,113.0,0.15712547724013004,0.05309734513274336,0.008849557522123894,0.6814159292035398,,,,,
58345,4.490968647178558,6.029419631610493,7.603704417320575,8.835083213866046,9.25487106931069,3.3928230093380147,1.777176990661985,2,328,1.81,5.17,,,Cam Jackson,DT,DL,2025,140.0,140.0,-0.352687895176679,85.0,5.347999999999999,7.01,20.0,0.2979669577514798,0.15,0.0,0.0,,,,,
58346,4.688649006477512,6.275718288207431,7.870503298305927,8.819402559853902,9.347787995277148,3.3415237886754046,1.7784762113245958,2,314,1.8,5.12,7.51,,Carson Vinson,T,OL,2025,141.0,141.0,-0.1407392623060364,7.0,4.037,4.07,,,,,,,,,1.0,-0.12790528132996204
58350,5.164075906771162,6.982312615415486,8.830071681560657,10.402801896486466,11.107724865745237,2.8422703796336934,1.5677296203663067,2,191,1.52,4.41,,,Mac McWilliams,CB,CB,2025,145.0,145.0,-0.15123545400574478,28.0,8.442499999999999,9.35,,,,,,,,,,
58358,4.290860234216403,5.905281357615414,7.493973316728187,8.669772555102998,9.178739881152651,3.4511294202542775,1.8388705797457228,2,319,1.85,5.29,,,Jalen Rivers,G,OL,2025,153.0,153.0,-0.3073544904089722,476.0,4.4875,7.53,,,,,,,,,304.0,0.020237445800613305
58362,4.89309389179123,6.620231625808991,8.343247211828013,9.63503838759185,10.3369608324073,3.077419044819668,1.7025809551803324,2,285,1.67,4.78,,,Elijah Roberts,DE,DL,2025,157.0,157.0,-0.16674293199708234,506.0,6.235,8.14,297.0,-0.03425996465729346,0.07744107744107744,0.006734006734006734,0.06734006734006734,,,,,
58363,4.922137182781562,6.751979372768442,8.779892484420133,10.437396439294968,11.277920867457656,2.845398562967673,1.5246014370323273,2,190,1.53,4.37,,,KeAndre Lambert-Smith,WR,WR,2025,158.0,158.0,-0.4461474054028276,74.0,9.462,16.88,,,,,,60.0,-0.32545247404523986,0.9796137827104269,,
58365,5.3717260031795036,7.329654537635656,9.146803383659403,10.452397566825034,11.484841213345025,2.807738368713214,1.5622616312867863,2,199,1.5,4.37,,,Marques Sigle,SS,S,2025,160.0,160.0,0.06245597582547635,387.0,8.097999999999999,9.46,,,,,,,,,,
58368,4.882108480434782,6.686995209256716,8.417552302066618,9.66608802253623,10.403225386420415,3.064150669177759,1.6758493308222413,2,258,1.55,4.74,7.25,4.4,Mitchell Evans,TE,TE,2025,163.0,163.0,-0.07928329785312904,127.0,7.957,9.3,,,,,,112.0,0.15801536364707897,-0.2149918393543737,,
58369,4.583516670197641,6.10885475386884,7.5200279157299565,8.475667405719289,8.92238071207091,3.5159293498201336,1.8740706501798658,2,336,1.88,5.39,7.63,4.72,Yahya Black,DT,DL,2025,164.0,164.0,-0.0448662425999764,416.0,6.0825,7.17,189.0,0.08403130675724872,0.05291005291005291,0.0,0.08994708994708994,,,,,
58373,4.684900861710916,6.306437366380168,7.891484249859643,9.134562463178678,9.6757323421228,3.270721515311932,1.7792784846880678,2,308,1.79,5.05,7.56,4.51,Drew Kendall,C,OL,2025,168.0,168.0,-0.19394676751115636,89.0,5.465999999999999,6.8,,,,,,,,,49.0,0.005260537064747976
58374,5.144667368339212,7.027256153404288,8.996052255722834,10.417959794449747,11.067278559794099,2.838737479222575,1.5212625207774253,2,186,1.51,4.36,7.0,4.26,Zah Frazier,CB,CB,2025,169.0,169.0,-0.15680694148466223,,,,,,,,,,,,,
58376,4.6578816301647175,6.256724825406808,7.6985788531936805,8.662987804329589,9.077034094311454,3.444067445360381,1.7959325546396192,2,317,1.79,5.24,,,Miles Frazier,G,OL,2025,171.0,171.0,-0.01585858217319025,46.0,5.1425,5.34,,,,,,,,,26.0,0.12221201037580212
58378,4.884058934835748,6.604972741606908,8.247191036497354,9.531063831343147,10.010711526497975,3.142006116009785,1.6779938839902153,2,253,1.56,4.82,,4.4,Jackson Hawes,TE,TE,2025,173.0,173.0,-0.04196431146543489,99.0,7.732999999999999,8.47,,,,,,73.0,0.6124283698947166,0.06331753346122039,,
58379,5.199390030409335,6.983010383973444,8.800721599675636,10.377121185279275,10.949917281916825,2.8950087742889057,1.5849912257110947,2,186,1.5,4.48,,,Denzel Burke,CB,CB,2025,174.0,174.0,-0.07981664979297953,679.0,7.901000000000001,9.51,,,,,,,,,,
58380,4.9572004049757,6.69063333726674,8.307362469818043,9.44113978481386,10.120363647270999,3.134357073736253,1.775642926263747,2,274,1.64,4.91,7.34,4.45,Robbie Ouzts,FB,RB,2025,175.0,175.0,-2.3092638912203256e-14,44.0,7.572,7.96,,,,,,,,,,
58381,4.8250489942107375,6.633674229785285,8.444315943810402,9.859509483901304,10.535526740987441,3.021447437927308,1.5985525620726921,2,258,1.61,4.62,,,Tyler Baron,DE,DL,2025,176.0,176.0,-0.319399622797774,95.0,6.912,8.14,68.0,0.034375728753689876,0.04411764705882353,0.0,0.9705882352941176,,,,,
58382,5.260467147009478,7.157901395349299,8.91627206283715,10.119777285687704,10.944703379819085,2.8906762218261797,1.6093237781738206,2,185,1.55,4.5,,,Dorian Strong,CB,CB,2025,177.0,177.0,0.11528037176996264,87.0,8.465000000000002,10.04,,,,,,,,,,
58383,5.079007199029077,6.9386963609655155,8.871663097200678,10.353231894745802,11.151103191790664,2.861064020356977,1.568935979643023,2,190,1.54,4.43,,,Bilhal Kone,CB,CB,2025,178.0,178.0,-0.17464569826862864,,,,,,,,,,,,,
58392,5.101110550321716,6.825424933338992,8.570859120023973,10.062305462210174,10.892638635577297,2.947267613838582,1.5427323861614184,2,211,1.51,4.49,,,Jaylen Reed,SS,S,2025,187.0,187.0,-0.33323482024701434,73.0,8.336,9.02,,,,,,,,,,
58401,4.825657669866194,6.564605391440265,8.364323624338525,9.667604040425648,10.394244836066736,3.067191218176645,1.7028087818233544,2,267,1.7,4.77,,,Ahmed Hassanein,DE,DL,2025,196.0,196.0,-0.23275037228937023,,,,,,,,,,,,,
58403,4.68130918737681,6.325154442323296,7.930410428302712,8.9950883468756,9.4657399564339,3.322152465086505,1.767847534913495,2,315,1.76,5.09,,,Warren Brinson,DT,DL,2025,198.0,198.0,-0.1400027318523689,273.0,5.919999999999999,7.14,173.0,-0.10699939544257368,0.06936416184971098,0.002890173410404624,0.03468208092485549,,,,,
58405,5.178910657509141,6.955012835162522,8.805609260667909,10.308208257815105,11.08111184113309,2.8793759811022377,1.6906240188977626,2,200,1.56,4.57,7.1,4.28,Rayuan Lane,SS,S,2025,200.0,200.0,-0.13128771294070152,117.0,8.334,9.11,,,,,,,,,,
58407,4.81113081151879,6.606842108958551,8.416201062506595,9.716193772057022,10.463777609101452,3.045137965469517,1.6548620345304832,2,246,1.59,4.7,,,Gavin Bartholomew,TE,TE,2025,202.0,202.0,-0.21910712517004605,,,,,,,,,,,,,
58408,4.9632098332728525,6.865593579320136,8.791751542706608,10.33435005698793,11.029132339967916,2.8851032926780182,1.5748967073219817,2,163,1.53,4.46,,,LaJohntay Wester,WR,WR,2025,203.0,203.0,-0.2670953804327709,27.0,8.94,9.01,,,,,,21.0,0.26970243130224925,0.7948452598195267,,
58413,4.8141123191854085,6.72153955431043,8.762078560537816,10.333342979841312,11.280630490515161,2.8618129295477006,1.5981870704522991,2,174,1.54,4.46,,4.41,Jimmy Horn,WR,WR,2025,208.0,208.0,-0.4111494054424769,79.0,9.613,11.01,,,,,,67.0,0.7121207321610846,0.022955234665428793,,
58414,5.053539972179184,6.79936551767107,8.501759897169187,9.600269210221864,10.312552851435655,3.074159568879727,1.615840431120273,2,258,1.64,4.69,,,Antwaun Powell-Ryland,OLB,OLB,2025,209.0,209.0,0.001615184057534691,,,,,,,,,,,,,
58415,4.886459032053371,6.578351209137913,8.072364591617566,9.26138851828887,9.903840620388866,3.2089253789741834,1.731074621025817,2,282,1.74,4.94,,4.7,Aeneas Peebles,DT,DL,2025,210.0,210.0,-0.04252405389117442,71.0,5.92,7.36,55.0,-0.05000921094400666,0.03636363636363636,0.0,0.03636363636363636,,,,,
58417,5.0807607715719305,7.026001537829892,8.919149078947541,10.4382169034497,11.17209764728906,2.850277306606835,1.5397226933931647,2,175,1.5,4.39,,,Robert Longerbeam,CB,CB,2025,212.0,212.0,-0.12775254177842754,,,,,,,,,,,,,
58419,5.049218150152294,6.966433008360879,8.783945797793184,10.151255594260448,11.261722578571028,2.841303440116624,1.648696559883376,2,199,1.55,4.49,,,R.J. Mickens,FS,S,2025,214.0,214.0,-0.19222674522512673,328.0,8.083,9.6,,,,,,,,,,
58424,5.009329940641369,6.801917179040974,8.483297817028928,9.672559483857931,10.428530052336576,3.060471117545867,1.6395288824541332,2,243,1.57,4.7,7.01,4.29,Thomas Fidone,TE,TE,2025,219.0,219.0,-0.024032055087623405,11.0,7.355,7.36,,,,,,10.0,-1.0057986131202215,-0.14593365911759826,,
58430,5.1795569660060625,7.130172735514752,9.03368260571064,10.425801554375976,11.349101572309053,2.8294159075738765,1.5805840924261239,2,202,1.52,4.41,6.81,4.03,Kitan Crawford,FS,S,2025,225.0,225.0,-0.1008462235540355,142.0,7.9285,10.0,,,,,,,,,,
58437,5.063743154575906,6.842206115426519,8.603594402065706,9.95463751734746,10.566981555602899,2.9909839730088543,1.579016026991146,2,213,1.54,4.57,6.72,4.25,Hunter Wohler,SS,S,2025,232.0,232.0,-0.24409443267670472,,,,,,,,,,,,,
58440,5.020972959095456,6.856671965897418,8.764723995652254,10.138086827179308,10.913012534081652,2.9215457701694416,1.5884542298305582,2,154,1.53,4.51,6.65,4.15,Tez Johnson,WR,WR,2025,235.0,235.0,-0.23966265028973233,293.0,9.384,10.16,,,,,,248.0,0.5789188279262897,0.07559530824330055,,
58443,4.912439280456653,6.799417690867958,8.673340940842571,10.013142173816583,10.783992177513987,2.956244825554066,1.6537551744459347,2,184,1.55,4.61,,,Ricky White,WR,WR,2025,238.0,238.0,-0.22420823818767666,,,,,,,,,,,,,
58445,5.047553277180001,7.002990604675565,9.00937949917071,10.362668818022872,11.137922121297914,2.85549680992169,1.60450319007831,2,204,1.53,4.46,,,Kaden Prather,WR,WR,2025,240.0,240.0,-0.12969835507734206,,,,,,,,,,,,,
58447,5.073195441762681,6.971290320078106,8.642684503717803,9.96358867156738,10.439197109420103,3.001976328808123,1.588023671191877,2,186,1.54,4.59,,,Konata Mumpfield,WR,WR,2025,242.0,242.0,-0.0668773464038317,175.0,8.96,9.36,,,,,,162.0,-0.3323998007409121,-0.0684163690254289,,
58449,5.180616248257174,6.99593546097817,8.952362446412046,10.34940866649448,11.411541440971222,2.8385411421775038,1.5614588578224966,2,185,1.53,4.4,,4.27,Dominic Lovett,WR,WR,2025,244.0,244.0,-0.18037871105364633,,,,,,,,,,,,,
58452,4.989376102562084,6.623798994082745,8.062703376589372,8.887362938721772,9.519475517574854,3.29994712887821,1.7900528711217902,2,306,1.77,5.09,,,Tommy Akingbesote,DT,DL,2025,247.0,247.0,0.15864181990708026,,,,,,,,,,,,,
58453,5.05983758077241,6.6319327549800215,8.328610206327784,9.62353997836913,10.241573195615981,3.0972107512269247,1.7127892487730747,2,260,1.6,4.81,,,Moliki Matavao,TE,TE,2025,248.0,248.0,-0.029921979847010505,22.0,8.1575,8.33,,,,,,13.0,-0.4041412630852551,-1.1398451197113777,,
58454,4.71111379126156,6.364002394094035,7.813599060212949,8.949646546137377,9.378442497239064,3.354623234736101,1.7553767652638994,2,309,1.78,5.11,7.78,4.63,Connor Colby,G,OL,2025,249.0,249.0,-0.06444466833055351,451.0,5.15,7.82,,,,,,,,,262.0,0.02567476996837391
58455,4.620540161038221,6.203533792007833,7.727030314146695,8.85995454257954,9.298084148312357,3.3716939134617245,1.7983060865382754,2,322,1.8,5.17,7.93,4.72,John Williams,G,OL,2025,250.0,250.0,-0.15297619895002246,,,,,,,,,,,,,
58458,4.871219939342273,6.419746630801758,7.921034500335364,9.009667633901628,9.353674266610664,3.3060875215667256,1.833912478433274,2,321,1.74,5.14,,,Zeek Biggers,DT,DL,2025,253.0,253.0,0.006495486243902171,214.0,6.523999999999999,7.74,142.0,-0.07285119112012643,0.04929577464788732,0.01056338028169014,0.1619718309859155,,,,,
58459,4.7106304662962195,6.566788593696322,8.476249800210946,9.938901794470041,10.648438796936757,2.994750042555022,1.5752499574449783,2,257,1.6,4.57,,,Fadil Diggs,OLB,OLB,2025,254.0,254.0,-0.34097961818381606,54.0,6.679999999999998,7.55,25.0,0.13469183039239224,0.0,0.0,1.0,,,,,
58486,4.446506445503707,6.106621961612962,7.752590103425979,8.958864875508194,9.492793874085038,3.3274904289135554,1.822509571086445,2,327,1.8,5.15,,,Nazir Stackhouse,DT,DL,2025,,262.0,-0.29624797702133154,159.0,6.135999999999999,6.99,71.0,0.01249886060992915,0.014084507042253521,0.0,0.014084507042253521,,,,,
58490,5.099904873092457,6.946407348400916,8.770646373174792,10.131213828391012,10.704520554548958,2.945992122408656,1.5540078775913437,2,188,1.53,4.5,,,Alijah Clark,FS,S,2025,,262.0,-0.20320750449974234,40.0,9.663,9.78,,,,,,,,,,
58493,5.046717088354938,6.91139367093859,8.826835250765743,10.173975791191815,10.985500989613591,2.9047632486656596,1.665236751334341,2,205,1.54,4.57,,,Traeshon Holden,WR,WR,2025,,262.0,-0.14131573296964994,,,,,,,,,,,,,
58494,4.982999804096104,6.79744766998678,8.578849525551712,9.813036860244743,10.357784376921728,3.0353904368184175,1.6646095631815827,2,186,1.56,4.7,7.02,,Josh Kelly,WR,WR,2025,,262.0,-0.16074044065049176,,,,,,,,,,,,,
58497,4.922436468852819,6.814344439654185,8.502589840050655,9.975622543358536,10.912978389621966,2.9564836141985245,1.6035163858014752,2,187,1.53,4.56,,,Zy Alexander,DB,CB,2025,,262.0,-0.16765855336388746,,,,,,,,,,,,,
58514,4.983767612066833,6.806864401592197,8.7463372976745,10.286782124110832,10.931935308846988,2.8978873821283933,1.5321126178716065,2,200,1.53,4.43,,,Elijhah Badger,WR,WR,2025,,262.0,-0.3476371643001652,,,,,,,,,,,,,
58515,5.000162933200213,6.697400946627328,8.465709901677034,9.770349625205244,10.257202064290379,3.0378169962835653,1.712183003716435,2,241,1.6,4.75,,,Jake Briningstool,TE,TE,2025,,262.0,-0.053959878727829924,,,,,,,,,,,,,
58721,4.919349408961084,6.763106416391485,8.668988733565893,10.011792411213388,10.897586282090835,2.9452325177263754,1.624767482273625,2,193,1.54,4.57,,,Kobe Hudson,WR,WR,2025,,262.0,-0.28960298751675495,,,,,,,,,,,,,
58734,5.149484872889641,7.031949395688564,8.878064568615574,10.223865686600941,10.879121477484734,2.908691008504576,1.601308991495424,2,202,1.53,4.51,6.97,4.18,Andrew Armstrong,WR,WR,2025,,262.0,-0.0643852204985862,,,,,,,,,,,,,
58737,4.86408751211566,6.651528800077227,8.426983289791568,9.72228067548841,10.324683463309979,3.060405810484078,1.6795941895159223,2,260,1.62,4.74,6.94,4.27,Jalin Conyers,TE,TE,2025,,262.0,-0.11474970703261889,,,,,,,,,,,,,
58764,5.066651001687115,6.748710523385471,8.327243141573456,9.671043231192481,10.31449488759814,3.079440790506034,1.6105592094939665,2,269,1.62,4.69,7.58,4.59,Ethan Downs,OLB,OLB,2025,,262.0,-0.049039810228064695,11.0,5.949999999999999,6.34,7.0,0.17694904941443992,0.0,0.0,1.0,,,,,
58810,4.597379521383843,6.226308119143328,7.631121244139609,8.893020793638515,9.372242477485603,3.365273866632402,1.7747261333675977,2,319,1.76,5.14,7.68,4.97,Eric Gregory,DT,DL,2025,,262.0,-0.18694302541452856,126.0,6.1000000000000005,7.99,63.0,0.14664773645771426,0.031746031746031744,0.0,0.07936507936507936,,,,,
58825,4.512754080886037,6.023148027090766,7.522523020731111,8.53000248012754,9.020792926427793,3.483963111918925,1.8860368880810752,2,334,1.88,5.37,,,Elijah Simmons,DT,DL,2025,,262.0,-0.15133538122517365,91.0,6.165,6.88,48.0,0.004512061719305099,0.0625,0.0,0.0,,,,,
58852,5.158090736236952,6.760809128531449,8.151801482432166,9.214846407643279,9.524304742399178,3.238347331643597,1.7816526683564027,2,306,1.75,5.02,7.63,4.58,Eli Cox,C,OL,2025,,262.0,0.22445645890675703,,,,,,,,,,,,,
58857,4.835574037611412,6.483691337888895,8.033131713270686,9.221355450863683,9.684907319256162,3.2508952196528194,1.779104780347181,2,308,1.8,5.03,,,Junior Tafuna,DT,DL,2025,,262.0,-0.0437530718281387,,,,,,,,,,,,,
58883,5.233922280964178,6.973164407620025,8.71805153172529,10.00884500708376,10.813080823131717,2.950593721847925,1.6294062781520753,2,201,1.53,4.58,,,Antwane Wells,WR,WR,2025,,262.0,-0.07227412757506357,,,,,,,,,,,,,
58896,4.699859851505405,6.206161036984377,7.609407977944096,8.721847613341783,9.177248321806884,3.4236674525364514,1.8163325474635488,2,309,1.82,5.24,,,Xavier Truss,T,OL,2025,,262.0,-0.06642237059562106,,,,,,,,,,,,,
58898,4.664040567263475,6.313286474034324,7.846614879574122,8.914054095928696,9.269743173126251,3.368490501500432,1.7415094984995685,2,312,1.72,5.11,,4.9,Clay Webb,G,OL,2025,,262.0,-0.115160588390264,,,,,,,,,,,,,
58901,5.191151124872601,7.021640933589781,8.849440020793882,10.178232821506548,11.095068374777671,2.8917784677752914,1.6082215322247086,2,213,1.52,4.5,7.1,4.3,Da'Quan Felton,WR,WR,2025,,262.0,-0.08196455131052005,,,,,,,,,,,,,
58926,4.733328465353841,6.697409246909836,8.622952330306024,9.980872855605824,10.629592215968897,2.9516471690553585,1.6383528309446413,2,192,1.53,4.59,,,Mello Dotson,DB,CB,2025,,262.0,-0.25428473082760483,,,,,,,,,,,,,
58931,4.7621315756772,6.605014785556696,8.549132545355855,10.017127990370357,10.984375921455033,2.9461520160852652,1.6538479839147342,2,262,1.67,4.6,7.33,4.68,Jah Joyner,DE,DL,2025,,262.0,-0.36882147887348715,,,,,,,,,,,,,
58937,5.223126715737038,6.840509071230676,8.417555475461754,9.67336009892514,10.211440434228132,3.0920548428170145,1.6879451571829855,2,271,1.69,4.78,7.21,4.54,Tyler Batty,OLB,OLB,2025,,262.0,0.1252721463170916,41.0,7.66,8.12,28.0,0.07985030032525382,0.03571428571428571,0.0,0.8571428571428571,,,,,
58940,4.363823054269254,6.090447062651664,7.6787172231962675,8.763591254319351,9.069959791921708,3.4267225161199906,1.7532774838800091,1,311,1.75,5.18,7.75,4.51,Logan Brown,T,OL,2025,,262.0,-0.25407341639506953,,,,,,,,,,,,,
58946,4.784147699335604,6.327823405129022,7.741439637341395,8.776100526466715,9.217863574328149,3.4028135704235307,1.7971864295764697,2,310,1.8,5.2,7.69,4.78,Joe Huber,G,OL,2025,,262.0,0.007281949904534457,79.0,5.6930000000000005,6.32,,,,,,,,,45.0,0.019831114792102037
58950,5.098700796701396,6.515509910186532,8.003762833126338,9.316700665935725,9.93086564137636,3.195297091041164,1.684702908958836,2,238,1.61,4.88,,,Bryson Nesbit,TE,TE,2025,,262.0,-0.04192105235768473,,,,,,,,,,,,,
58958,4.5225910264106535,6.030543814752756,7.464930900076314,8.549974433463316,9.222963799453957,3.467075835607892,1.862924164392108,2,316,1.87,5.33,8.15,4.91,Brandon Crenshaw-Dickson,T,OL,2025,,262.0,-0.13413398562714107,18.0,5.900499999999999,6.3,,,,,,,,,1.0,-0.0762163481745274
58973,5.028918073849349,6.890990221050025,8.657617929757386,9.900432357930441,10.74583770846224,2.9759993343911892,1.6140006656088108,2,203,1.59,4.59,,4.34,Sebastian Castro,FS,S,2025,,262.0,-0.1772205256825039,,,,,,,,,,,,,
58977,5.288130995871931,7.215567621825864,8.96041459043091,10.188235781564174,11.092837587856005,2.861636897827864,1.6283631021721363,2,213,1.53,4.49,,,Roc Taylor,WR,WR,2025,,262.0,0.10469126821241126,,,,,,,,,,,,,
58987,4.35794578320162,5.880098754651273,7.309148210199508,8.150160288484042,8.493346269275005,3.6620682267673335,1.7879317732326665,2,312,1.84,5.45,,,Torricelli Simpkins,G,OL,2025,,262.0,-0.14070490279515457,179.0,4.612,5.45,,,,,,,,,101.0,0.042318049068624214
58992,4.776086179074461,6.885401983021842,8.997641774571921,10.099794964210478,10.71772077947617,2.889198820185616,1.6408011798143847,2,180,1.56,4.53,,,Cobee Bryant,CB,CB,2025,,262.0,-0.1269100252768629,102.0,8.323499999999996,8.97,,,,,,,,,,
58994,4.553945324158171,6.269225824776607,7.897326690703021,8.97827199853971,9.398094536202617,3.326583254409228,1.713416745590772,2,299,1.73,5.04,,,Joshua Gray,G,OL,2025,,262.0,-0.24314782102583976,,,,,,,,,,,,,
58997,5.104612404345532,6.835117691268854,8.631523273296235,10.14982502268327,10.77763633188614,2.9453156576005886,1.6246843423994117,2,203,1.54,4.57,,,Nick Nash,WR,WR,2025,,262.0,-0.21759171263938626,,,,,,,,,,,,,
58998,5.089781290115939,6.750966474308678,8.379297362626744,9.80495961826313,10.524331723566405,3.0309742545746277,1.619025745425373,2,239,1.58,4.65,7.22,4.4,Joshua Simon,TE,TE,2025,,262.0,-0.14957116859335784,,,,,,,,,,,,,
59004,5.085649309646751,7.094940270642938,9.0379135600656,10.45272461220194,11.01262612376756,2.857086140071674,1.5429138599283263,2,218,1.51,4.4,,,Isaiah Neyor,WR,WR,2025,,262.0,-0.08137390138887834,,,,,,,,,,,,,
59026,4.809506483747667,6.540433682937875,8.381923463287347,9.727896099494288,10.566333176376673,3.0338737085904857,1.6561262914095145,2,256,1.56,4.69,,,C.J. Dippre,TE,TE,2025,,262.0,-0.3004332329454087,4.0,7.3145,7.37,,,,,,3.0,-1.140503994575328,-1.7119840509491806,,
59278,5.05507154481962,6.90001836111038,8.904658434391223,10.640475560917203,11.782959322580034,2.7759319728327103,1.6140680271672891,2,180,1.51,4.39,,,Isaiah Bond,WR,WR,2025,,262.0,-0.28356667963458726,341.0,9.63,10.51,,,,,,287.0,0.23844802977828242,0.3173059081152483,,
